0 verbose cli C:\Program Files\nodejs\node.exe C:\Program Files\nodejs\node_modules\npm\bin\npm-cli.js
1 info using npm@10.9.2
2 info using node@v22.17.0
3 silly config load:file:C:\Program Files\nodejs\node_modules\npm\npmrc
4 silly config load:file:C:\Users\kanal\OneDrive\Рабочий стол\Quokka\frontend\.npmrc
5 silly config load:file:C:\Users\kanal\.npmrc
6 silly config load:file:C:\Users\kanal\AppData\Roaming\npm\etc\npmrc
7 verbose title npm install
8 verbose argv "install" "--cache" ".npm-cache"
9 verbose logfile logs-max:10 dir:C:\Users\kanal\OneDrive\Рабочий стол\Quokka\frontend\.npm-cache\_logs\2026-04-17T12_25_35_835Z-
10 verbose logfile C:\Users\kanal\OneDrive\Рабочий стол\Quokka\frontend\.npm-cache\_logs\2026-04-17T12_25_35_835Z-debug-0.log
11 silly logfile done cleaning log files
12 silly packumentCache heap:4345298944 maxSize:1086324736 maxEntrySize:543162368
13 silly idealTree buildDeps
14 silly fetch manifest class-variance-authority@^0.7.0
15 silly packumentCache full:https://registry.npmjs.org/class-variance-authority cache-miss
16 http fetch GET 200 https://registry.npmjs.org/npm 167ms
17 http fetch GET 200 https://registry.npmjs.org/class-variance-authority 145ms (cache miss)
18 silly packumentCache full:https://registry.npmjs.org/class-variance-authority set size:undefined disposed:false
19 silly fetch manifest clsx@^2.1.1
20 silly packumentCache full:https://registry.npmjs.org/clsx cache-miss
21 http fetch GET 200 https://registry.npmjs.org/clsx 41ms (cache miss)
22 silly packumentCache full:https://registry.npmjs.org/clsx set size:undefined disposed:false
23 silly fetch manifest framer-motion@^11.11.10
24 silly packumentCache full:https://registry.npmjs.org/framer-motion cache-miss
25 http fetch GET 200 https://registry.npmjs.org/framer-motion 105ms (cache miss)
26 silly packumentCache full:https://registry.npmjs.org/framer-motion set size:undefined disposed:false
27 silly fetch manifest @emotion/is-prop-valid@*
28 silly packumentCache full:https://registry.npmjs.org/@emotion%2fis-prop-valid cache-miss
29 http fetch GET 200 https://registry.npmjs.org/@emotion%2fis-prop-valid 509ms (cache miss)
30 silly packumentCache full:https://registry.npmjs.org/@emotion%2fis-prop-valid set size:undefined disposed:false
31 silly fetch manifest react@^18.3.1
32 silly packumentCache full:https://registry.npmjs.org/react cache-miss
33 http fetch GET 200 https://registry.npmjs.org/react 117ms (cache miss)
34 silly packumentCache full:https://registry.npmjs.org/react set size:undefined disposed:false
35 silly fetch manifest react-dom@^18.3.1
36 silly packumentCache full:https://registry.npmjs.org/react-dom cache-miss
37 http fetch GET 200 https://registry.npmjs.org/react-dom 121ms (cache miss)
38 silly packumentCache full:https://registry.npmjs.org/react-dom set size:undefined disposed:false
39 silly fetch manifest lucide-react@^0.468.0
40 silly packumentCache full:https://registry.npmjs.org/lucide-react cache-miss
41 http fetch GET 200 https://registry.npmjs.org/lucide-react 53ms (cache miss)
42 silly packumentCache full:https://registry.npmjs.org/lucide-react set size:undefined disposed:false
43 silly fetch manifest tailwind-merge@^2.5.2
44 silly packumentCache full:https://registry.npmjs.org/tailwind-merge cache-miss
45 http fetch GET 200 https://registry.npmjs.org/tailwind-merge 49ms (cache miss)
46 silly packumentCache full:https://registry.npmjs.org/tailwind-merge set size:undefined disposed:false
47 silly fetch manifest @types/react@^18.3.5
48 silly packumentCache full:https://registry.npmjs.org/@types%2freact cache-miss
49 http fetch GET 200 https://registry.npmjs.org/@types%2freact 83ms (cache miss)
50 silly packumentCache full:https://registry.npmjs.org/@types%2freact set size:undefined disposed:false
51 silly fetch manifest @types/react-dom@^18.3.0
52 silly packumentCache full:https://registry.npmjs.org/@types%2freact-dom cache-miss
53 http fetch GET 200 https://registry.npmjs.org/@types%2freact-dom 49ms (cache miss)
54 silly packumentCache full:https://registry.npmjs.org/@types%2freact-dom set size:undefined disposed:false
55 silly fetch manifest @vitejs/plugin-react-swc@^3.7.0
56 silly packumentCache full:https://registry.npmjs.org/@vitejs%2fplugin-react-swc cache-miss
57 http fetch GET 200 https://registry.npmjs.org/@vitejs%2fplugin-react-swc 1153ms (cache miss)
58 silly packumentCache full:https://registry.npmjs.org/@vitejs%2fplugin-react-swc set size:undefined disposed:false
59 silly fetch manifest vite@^5.4.2
60 silly packumentCache full:https://registry.npmjs.org/vite cache-miss
61 http fetch GET 200 https://registry.npmjs.org/vite 672ms (cache miss)
62 silly packumentCache full:https://registry.npmjs.org/vite set size:undefined disposed:false
63 silly fetch manifest @types/node@^18.0.0 || >=20.0.0
64 silly packumentCache full:https://registry.npmjs.org/@types%2fnode cache-miss
65 http fetch GET 200 https://registry.npmjs.org/@types%2fnode 128ms (cache miss)
66 silly packumentCache full:https://registry.npmjs.org/@types%2fnode set size:undefined disposed:false
67 silly fetch manifest less@*
68 silly packumentCache full:https://registry.npmjs.org/less cache-miss
69 http fetch GET 200 https://registry.npmjs.org/less 35ms (cache miss)
70 silly packumentCache full:https://registry.npmjs.org/less set size:undefined disposed:false
71 silly fetch manifest lightningcss@^1.21.0
72 silly packumentCache full:https://registry.npmjs.org/lightningcss cache-miss
73 http fetch GET 200 https://registry.npmjs.org/lightningcss 37ms (cache miss)
74 silly packumentCache full:https://registry.npmjs.org/lightningcss set size:undefined disposed:false
75 silly fetch manifest sass@*
76 silly packumentCache full:https://registry.npmjs.org/sass cache-miss
77 http fetch GET 200 https://registry.npmjs.org/sass 44ms (cache miss)
78 silly packumentCache full:https://registry.npmjs.org/sass set size:undefined disposed:false
79 silly fetch manifest sass-embedded@*
80 silly packumentCache full:https://registry.npmjs.org/sass-embedded cache-miss
81 http fetch GET 200 https://registry.npmjs.org/sass-embedded 41ms (cache miss)
82 silly packumentCache full:https://registry.npmjs.org/sass-embedded set size:undefined disposed:false
83 silly fetch manifest stylus@*
84 silly packumentCache full:https://registry.npmjs.org/stylus cache-miss
85 http fetch GET 200 https://registry.npmjs.org/stylus 39ms (cache miss)
86 silly packumentCache full:https://registry.npmjs.org/stylus set size:undefined disposed:false
87 silly fetch manifest sugarss@*
88 silly packumentCache full:https://registry.npmjs.org/sugarss cache-miss
89 http fetch GET 200 https://registry.npmjs.org/sugarss 63ms (cache miss)
90 silly packumentCache full:https://registry.npmjs.org/sugarss set size:undefined disposed:false
91 silly fetch manifest postcss@^8.4.41
92 silly packumentCache full:https://registry.npmjs.org/postcss cache-miss
93 http fetch GET 200 https://registry.npmjs.org/postcss 53ms (cache miss)
94 silly packumentCache full:https://registry.npmjs.org/postcss set size:undefined disposed:false
95 silly fetch manifest terser@^5.4.0
96 silly packumentCache full:https://registry.npmjs.org/terser cache-miss
97 http fetch GET 200 https://registry.npmjs.org/terser 46ms (cache miss)
98 silly packumentCache full:https://registry.npmjs.org/terser set size:undefined disposed:false
99 silly fetch manifest autoprefixer@^10.4.20
100 silly packumentCache full:https://registry.npmjs.org/autoprefixer cache-miss
101 http fetch GET 200 https://registry.npmjs.org/autoprefixer 51ms (cache miss)
102 silly packumentCache full:https://registry.npmjs.org/autoprefixer set size:undefined disposed:false
103 silly fetch manifest tailwindcss@^3.4.10
104 silly packumentCache full:https://registry.npmjs.org/tailwindcss cache-miss
105 http fetch GET 200 https://registry.npmjs.org/tailwindcss 117ms (cache miss)
106 silly packumentCache full:https://registry.npmjs.org/tailwindcss set size:undefined disposed:false
107 silly fetch manifest typescript@^5.5.4
108 silly packumentCache full:https://registry.npmjs.org/typescript cache-miss
109 http fetch GET 200 https://registry.npmjs.org/typescript 140ms (cache miss)
110 silly packumentCache full:https://registry.npmjs.org/typescript set size:undefined disposed:false
111 silly placeDep ROOT @types/react@18.3.28 OK for: quokka-frontend@0.1.0 want: ^18.3.5
112 silly placeDep ROOT @types/react-dom@18.3.7 OK for: quokka-frontend@0.1.0 want: ^18.3.0
113 silly placeDep ROOT @vitejs/plugin-react-swc@3.11.0 OK for: quokka-frontend@0.1.0 want: ^3.7.0
114 silly placeDep ROOT vite@5.4.21 OK for: @vitejs/plugin-react-swc@3.11.0 want: ^4 || ^5 || ^6 || ^7
115 silly placeDep ROOT autoprefixer@10.5.0 OK for: quokka-frontend@0.1.0 want: ^10.4.20
116 silly placeDep ROOT postcss@8.5.10 OK for: autoprefixer@10.5.0 want: ^8.1.0
117 silly placeDep ROOT class-variance-authority@0.7.1 OK for: quokka-frontend@0.1.0 want: ^0.7.0
118 silly placeDep ROOT clsx@2.1.1 OK for: quokka-frontend@0.1.0 want: ^2.1.1
119 silly placeDep ROOT framer-motion@11.18.2 OK for: quokka-frontend@0.1.0 want: ^11.11.10
120 silly placeDep ROOT lucide-react@0.468.0 OK for: quokka-frontend@0.1.0 want: ^0.468.0
121 silly placeDep ROOT react@18.3.1 OK for: lucide-react@0.468.0 want: ^16.5.1 || ^17.0.0 || ^18.0.0 || ^19.0.0-rc
122 silly placeDep ROOT react-dom@18.3.1 OK for: quokka-frontend@0.1.0 want: ^18.3.1
123 silly placeDep ROOT tailwind-merge@2.6.1 OK for: quokka-frontend@0.1.0 want: ^2.5.2
124 silly placeDep ROOT tailwindcss@3.4.19 OK for: quokka-frontend@0.1.0 want: ^3.4.10
125 silly placeDep ROOT typescript@5.9.3 OK for: quokka-frontend@0.1.0 want: ^5.5.4
126 silly fetch manifest csstype@^3.2.2
127 silly packumentCache full:https://registry.npmjs.org/csstype cache-miss
128 silly fetch manifest @types/prop-types@*
129 silly packumentCache full:https://registry.npmjs.org/@types%2fprop-types cache-miss
130 silly fetch manifest @swc/core@^1.12.11
131 silly packumentCache full:https://registry.npmjs.org/@swc%2fcore cache-miss
132 silly fetch manifest @rolldown/pluginutils@1.0.0-beta.27
133 silly packumentCache full:https://registry.npmjs.org/@rolldown%2fpluginutils cache-miss
134 silly fetch manifest rollup@^4.20.0
135 silly packumentCache full:https://registry.npmjs.org/rollup cache-miss
136 silly fetch manifest esbuild@^0.21.3
137 silly packumentCache full:https://registry.npmjs.org/esbuild cache-miss
138 silly fetch manifest postcss@^8.4.43
139 silly packumentCache full:https://registry.npmjs.org/postcss cache-miss
140 silly fetch manifest fsevents@~2.3.3
141 silly packumentCache full:https://registry.npmjs.org/fsevents cache-miss
142 silly fetch manifest browserslist@^4.28.2
143 silly packumentCache full:https://registry.npmjs.org/browserslist cache-miss
144 silly fetch manifest caniuse-lite@^1.0.30001787
145 silly packumentCache full:https://registry.npmjs.org/caniuse-lite cache-miss
146 silly fetch manifest fraction.js@^5.3.4
147 silly packumentCache full:https://registry.npmjs.org/fraction.js cache-miss
148 silly fetch manifest picocolors@^1.1.1
149 silly packumentCache full:https://registry.npmjs.org/picocolors cache-miss
150 silly fetch manifest postcss-value-parser@^4.2.0
151 silly packumentCache full:https://registry.npmjs.org/postcss-value-parser cache-miss
152 silly fetch manifest nanoid@^3.3.11
153 silly packumentCache full:https://registry.npmjs.org/nanoid cache-miss
154 silly fetch manifest picocolors@^1.1.1
155 silly packumentCache full:https://registry.npmjs.org/picocolors cache-miss
156 http cache https://registry.npmjs.org/postcss 26ms (cache hit)
157 silly packumentCache full:https://registry.npmjs.org/postcss set size:708244 disposed:false
158 silly fetch manifest source-map-js@^1.2.1
159 silly packumentCache full:https://registry.npmjs.org/source-map-js cache-miss
160 http fetch GET 200 https://registry.npmjs.org/csstype 73ms (cache miss)
161 silly packumentCache full:https://registry.npmjs.org/csstype set size:undefined disposed:false
162 silly fetch manifest tslib@^2.4.0
163 silly packumentCache full:https://registry.npmjs.org/tslib cache-miss
164 http fetch GET 200 https://registry.npmjs.org/tslib 43ms (cache miss)
165 silly packumentCache full:https://registry.npmjs.org/tslib set size:undefined disposed:false
166 silly fetch manifest motion-dom@^11.18.1
167 silly packumentCache full:https://registry.npmjs.org/motion-dom cache-miss
168 http fetch GET 200 https://registry.npmjs.org/@rolldown%2fpluginutils 120ms (cache miss)
169 silly packumentCache full:https://registry.npmjs.org/@rolldown%2fpluginutils set size:undefined disposed:false
170 silly fetch manifest motion-utils@^11.18.1
171 silly packumentCache full:https://registry.npmjs.org/motion-utils cache-miss
172 http fetch GET 200 https://registry.npmjs.org/browserslist 123ms (cache miss)
173 silly packumentCache full:https://registry.npmjs.org/browserslist set size:undefined disposed:false
174 silly fetch manifest loose-envify@^1.1.0
175 silly packumentCache full:https://registry.npmjs.org/loose-envify cache-miss
176 http fetch GET 200 https://registry.npmjs.org/source-map-js 110ms (cache miss)
177 silly packumentCache full:https://registry.npmjs.org/source-map-js set size:undefined disposed:false
178 silly fetch manifest scheduler@^0.23.2
179 silly packumentCache full:https://registry.npmjs.org/scheduler cache-miss
180 http fetch GET 200 https://registry.npmjs.org/fsevents 147ms (cache miss)
181 silly packumentCache full:https://registry.npmjs.org/fsevents set size:undefined disposed:false
182 silly fetch manifest loose-envify@^1.1.0
183 silly packumentCache full:https://registry.npmjs.org/loose-envify cache-miss
184 http fetch GET 200 https://registry.npmjs.org/motion-dom 74ms (cache miss)
185 silly packumentCache full:https://registry.npmjs.org/motion-dom set size:undefined disposed:false
186 silly fetch manifest arg@^5.0.2
187 silly packumentCache full:https://registry.npmjs.org/arg cache-miss
188 http fetch GET 200 https://registry.npmjs.org/motion-utils 79ms (cache miss)
189 silly packumentCache full:https://registry.npmjs.org/motion-utils set size:undefined disposed:false
190 silly fetch manifest dlv@^1.1.3
191 silly packumentCache full:https://registry.npmjs.org/dlv cache-miss
192 http fetch GET 200 https://registry.npmjs.org/esbuild 215ms (cache miss)
193 silly packumentCache full:https://registry.npmjs.org/esbuild set size:undefined disposed:false
194 silly fetch manifest jiti@^1.21.7
195 silly packumentCache full:https://registry.npmjs.org/jiti cache-miss
196 http fetch GET 200 https://registry.npmjs.org/nanoid 226ms (cache miss)
197 silly packumentCache full:https://registry.npmjs.org/nanoid set size:undefined disposed:false
198 silly fetch manifest is-glob@^4.0.3
199 silly packumentCache full:https://registry.npmjs.org/is-glob cache-miss
200 http fetch GET 200 https://registry.npmjs.org/caniuse-lite 234ms (cache miss)
201 silly packumentCache full:https://registry.npmjs.org/caniuse-lite set size:undefined disposed:false
202 silly fetch manifest resolve@^1.22.8
203 silly packumentCache full:https://registry.npmjs.org/resolve cache-miss
204 http fetch GET 200 https://registry.npmjs.org/rollup 272ms (cache miss)
205 silly packumentCache full:https://registry.npmjs.org/rollup set size:undefined disposed:false
206 silly fetch manifest sucrase@^3.35.0
207 silly packumentCache full:https://registry.npmjs.org/sucrase cache-miss
208 http fetch GET 200 https://registry.npmjs.org/is-glob 88ms (cache miss)
209 silly packumentCache full:https://registry.npmjs.org/is-glob set size:undefined disposed:false
210 silly fetch manifest chokidar@^3.6.0
211 silly packumentCache full:https://registry.npmjs.org/chokidar cache-miss
212 http fetch GET 200 https://registry.npmjs.org/picocolors 323ms (cache miss)
213 silly packumentCache full:https://registry.npmjs.org/picocolors set size:undefined disposed:false
214 silly fetch manifest fast-glob@^3.3.2
215 silly packumentCache full:https://registry.npmjs.org/fast-glob cache-miss
216 http fetch GET 200 https://registry.npmjs.org/jiti 104ms (cache miss)
217 silly packumentCache full:https://registry.npmjs.org/jiti set size:undefined disposed:false
218 silly fetch manifest lilconfig@^3.1.3
219 silly packumentCache full:https://registry.npmjs.org/lilconfig cache-miss
220 http fetch GET 200 https://registry.npmjs.org/picocolors 329ms (cache miss)
221 silly packumentCache full:https://registry.npmjs.org/picocolors set size:undefined disposed:false
222 silly fetch manifest didyoumean@^1.2.2
223 silly packumentCache full:https://registry.npmjs.org/didyoumean cache-miss
224 http fetch GET 200 https://registry.npmjs.org/resolve 89ms (cache miss)
225 silly packumentCache full:https://registry.npmjs.org/resolve set size:undefined disposed:false
226 silly fetch manifest micromatch@^4.0.8
227 silly packumentCache full:https://registry.npmjs.org/micromatch cache-miss
228 http fetch GET 200 https://registry.npmjs.org/fraction.js 336ms (cache miss)
229 silly packumentCache full:https://registry.npmjs.org/fraction.js set size:undefined disposed:false
230 silly fetch manifest postcss-js@^4.0.1
231 silly packumentCache full:https://registry.npmjs.org/postcss-js cache-miss
232 http fetch GET 200 https://registry.npmjs.org/postcss-value-parser 342ms (cache miss)
233 silly packumentCache full:https://registry.npmjs.org/postcss-value-parser set size:undefined disposed:false
234 silly fetch manifest glob-parent@^6.0.2
235 silly packumentCache full:https://registry.npmjs.org/glob-parent cache-miss
236 http fetch GET 200 https://registry.npmjs.org/scheduler 205ms (cache miss)
237 silly packumentCache full:https://registry.npmjs.org/scheduler set size:undefined disposed:false
238 silly fetch manifest object-hash@^3.0.0
239 silly packumentCache full:https://registry.npmjs.org/object-hash cache-miss
240 http fetch GET 200 https://registry.npmjs.org/lilconfig 64ms (cache miss)
241 silly packumentCache full:https://registry.npmjs.org/lilconfig set size:undefined disposed:false
242 silly fetch manifest normalize-path@^3.0.0
243 silly packumentCache full:https://registry.npmjs.org/normalize-path cache-miss
244 http fetch GET 200 https://registry.npmjs.org/loose-envify 267ms (cache miss)
245 silly packumentCache full:https://registry.npmjs.org/loose-envify set size:undefined disposed:false
246 silly fetch manifest postcss-import@^15.1.0
247 silly packumentCache full:https://registry.npmjs.org/postcss-import cache-miss
248 http fetch GET 200 https://registry.npmjs.org/glob-parent 52ms (cache miss)
249 silly packumentCache full:https://registry.npmjs.org/glob-parent set size:undefined disposed:false
250 silly fetch manifest postcss-nested@^6.2.0
251 silly packumentCache full:https://registry.npmjs.org/postcss-nested cache-miss
252 http fetch GET 200 https://registry.npmjs.org/chokidar 78ms (cache miss)
253 silly packumentCache full:https://registry.npmjs.org/chokidar set size:undefined disposed:false
254 silly fetch manifest @alloc/quick-lru@^5.2.0
255 silly packumentCache full:https://registry.npmjs.org/@alloc%2fquick-lru cache-miss
256 http fetch GET 200 https://registry.npmjs.org/postcss-js 62ms (cache miss)
257 silly packumentCache full:https://registry.npmjs.org/postcss-js set size:undefined disposed:false
258 silly fetch manifest postcss-load-config@^4.0.2 || ^5.0 || ^6.0
259 silly packumentCache full:https://registry.npmjs.org/postcss-load-config cache-miss
260 http fetch GET 200 https://registry.npmjs.org/sucrase 99ms (cache miss)
261 silly packumentCache full:https://registry.npmjs.org/sucrase set size:undefined disposed:false
262 silly fetch manifest postcss-selector-parser@^6.1.2
263 silly packumentCache full:https://registry.npmjs.org/postcss-selector-parser cache-miss
264 http fetch GET 200 https://registry.npmjs.org/normalize-path 35ms (cache miss)
265 silly packumentCache full:https://registry.npmjs.org/normalize-path set size:undefined disposed:false
266 http fetch GET 200 https://registry.npmjs.org/arg 240ms (cache miss)
267 silly packumentCache full:https://registry.npmjs.org/arg set size:undefined disposed:false
268 http fetch GET 200 https://registry.npmjs.org/object-hash 62ms (cache miss)
269 silly packumentCache full:https://registry.npmjs.org/object-hash set size:undefined disposed:false
270 http fetch GET 200 https://registry.npmjs.org/postcss-import 47ms (cache miss)
271 silly packumentCache full:https://registry.npmjs.org/postcss-import set size:undefined disposed:false
272 http fetch GET 200 https://registry.npmjs.org/loose-envify 294ms (cache miss)
273 silly packumentCache full:https://registry.npmjs.org/loose-envify set size:undefined disposed:false
274 http fetch GET 200 https://registry.npmjs.org/dlv 249ms (cache miss)
275 silly packumentCache full:https://registry.npmjs.org/dlv set size:undefined disposed:false
276 http fetch GET 200 https://registry.npmjs.org/@types%2fprop-types 452ms (cache miss)
277 silly packumentCache full:https://registry.npmjs.org/@types%2fprop-types set size:undefined disposed:false
278 http fetch GET 200 https://registry.npmjs.org/postcss-selector-parser 55ms (cache miss)
279 silly packumentCache full:https://registry.npmjs.org/postcss-selector-parser set size:undefined disposed:false
280 http fetch GET 200 https://registry.npmjs.org/fast-glob 243ms (cache miss)
281 silly packumentCache full:https://registry.npmjs.org/fast-glob set size:undefined disposed:false
282 http fetch GET 200 https://registry.npmjs.org/didyoumean 249ms (cache miss)
283 silly packumentCache full:https://registry.npmjs.org/didyoumean set size:undefined disposed:false
284 http fetch GET 200 https://registry.npmjs.org/micromatch 248ms (cache miss)
285 silly packumentCache full:https://registry.npmjs.org/micromatch set size:undefined disposed:false
286 http fetch GET 200 https://registry.npmjs.org/postcss-load-config 243ms (cache miss)
287 silly packumentCache full:https://registry.npmjs.org/postcss-load-config set size:undefined disposed:false
288 http fetch GET 200 https://registry.npmjs.org/postcss-nested 248ms (cache miss)
289 silly packumentCache full:https://registry.npmjs.org/postcss-nested set size:undefined disposed:false
290 http fetch GET 200 https://registry.npmjs.org/@swc%2fcore 832ms (cache miss)
291 silly packumentCache full:https://registry.npmjs.org/@swc%2fcore set size:undefined disposed:false
292 http fetch GET 200 https://registry.npmjs.org/@alloc%2fquick-lru 506ms (cache miss)
293 silly packumentCache full:https://registry.npmjs.org/@alloc%2fquick-lru set size:undefined disposed:false
294 silly placeDep ROOT @types/prop-types@15.7.15 OK for: @types/react@18.3.28 want: *
295 silly placeDep ROOT csstype@3.2.3 OK for: @types/react@18.3.28 want: ^3.2.2
296 silly fetch manifest @swc/helpers@>=0.5.17
297 silly packumentCache full:https://registry.npmjs.org/@swc%2fhelpers cache-miss
298 http fetch GET 200 https://registry.npmjs.org/@swc%2fhelpers 626ms (cache miss)
299 silly packumentCache full:https://registry.npmjs.org/@swc%2fhelpers set size:undefined disposed:false
300 silly placeDep ROOT @rolldown/pluginutils@1.0.0-beta.27 OK for: @vitejs/plugin-react-swc@3.11.0 want: 1.0.0-beta.27
301 silly placeDep ROOT @swc/core@1.15.26 OK for: @vitejs/plugin-react-swc@3.11.0 want: ^1.12.11
302 silly fetch manifest @swc/counter@^0.1.3
303 silly packumentCache full:https://registry.npmjs.org/@swc%2fcounter cache-miss
304 silly fetch manifest @swc/types@^0.1.26
305 silly packumentCache full:https://registry.npmjs.org/@swc%2ftypes cache-miss
306 silly fetch manifest @swc/core-darwin-x64@1.15.26
307 silly packumentCache full:https://registry.npmjs.org/@swc%2fcore-darwin-x64 cache-miss
308 silly fetch manifest @swc/core-win32-x64-msvc@1.15.26
309 silly packumentCache full:https://registry.npmjs.org/@swc%2fcore-win32-x64-msvc cache-miss
310 silly fetch manifest @swc/core-linux-x64-gnu@1.15.26
311 silly packumentCache full:https://registry.npmjs.org/@swc%2fcore-linux-x64-gnu cache-miss
312 silly fetch manifest @swc/core-linux-ppc64-gnu@1.15.26
313 silly packumentCache full:https://registry.npmjs.org/@swc%2fcore-linux-ppc64-gnu cache-miss
314 silly fetch manifest @swc/core-linux-s390x-gnu@1.15.26
315 silly packumentCache full:https://registry.npmjs.org/@swc%2fcore-linux-s390x-gnu cache-miss
316 silly fetch manifest @swc/core-linux-x64-musl@1.15.26
317 silly packumentCache full:https://registry.npmjs.org/@swc%2fcore-linux-x64-musl cache-miss
318 silly fetch manifest @swc/core-win32-ia32-msvc@1.15.26
319 silly packumentCache full:https://registry.npmjs.org/@swc%2fcore-win32-ia32-msvc cache-miss
320 silly fetch manifest @swc/core-linux-arm-gnueabihf@1.15.26
321 silly packumentCache full:https://registry.npmjs.org/@swc%2fcore-linux-arm-gnueabihf cache-miss
322 silly fetch manifest @swc/core-darwin-arm64@1.15.26
323 silly packumentCache full:https://registry.npmjs.org/@swc%2fcore-darwin-arm64 cache-miss
324 silly fetch manifest @swc/core-linux-arm64-gnu@1.15.26
325 silly packumentCache full:https://registry.npmjs.org/@swc%2fcore-linux-arm64-gnu cache-miss
326 silly fetch manifest @swc/core-linux-arm64-musl@1.15.26
327 silly packumentCache full:https://registry.npmjs.org/@swc%2fcore-linux-arm64-musl cache-miss
328 silly fetch manifest @swc/core-win32-arm64-msvc@1.15.26
329 silly packumentCache full:https://registry.npmjs.org/@swc%2fcore-win32-arm64-msvc cache-miss
330 http fetch GET 200 https://registry.npmjs.org/@swc%2fcore-linux-ppc64-gnu 730ms (cache miss)
331 silly packumentCache full:https://registry.npmjs.org/@swc%2fcore-linux-ppc64-gnu set size:undefined disposed:false
332 http fetch GET 200 https://registry.npmjs.org/@swc%2fcore-linux-x64-gnu 748ms (cache miss)
333 silly packumentCache full:https://registry.npmjs.org/@swc%2fcore-linux-x64-gnu set size:undefined disposed:false
334 http fetch GET 200 https://registry.npmjs.org/@swc%2fcore-linux-x64-musl 765ms (cache miss)
335 silly packumentCache full:https://registry.npmjs.org/@swc%2fcore-linux-x64-musl set size:undefined disposed:false
336 http fetch GET 200 https://registry.npmjs.org/@swc%2fcore-win32-x64-msvc 787ms (cache miss)
337 silly packumentCache full:https://registry.npmjs.org/@swc%2fcore-win32-x64-msvc set size:undefined disposed:false
338 http fetch GET 200 https://registry.npmjs.org/@swc%2ftypes 835ms (cache miss)
339 silly packumentCache full:https://registry.npmjs.org/@swc%2ftypes set size:undefined disposed:false
340 http fetch GET 200 https://registry.npmjs.org/@swc%2fcore-linux-arm64-gnu 857ms (cache miss)
341 silly packumentCache full:https://registry.npmjs.org/@swc%2fcore-linux-arm64-gnu set size:undefined disposed:false
342 http fetch GET 200 https://registry.npmjs.org/@swc%2fcore-darwin-arm64 866ms (cache miss)
343 silly packumentCache full:https://registry.npmjs.org/@swc%2fcore-darwin-arm64 set size:undefined disposed:false
344 http fetch GET 200 https://registry.npmjs.org/@swc%2fcore-win32-arm64-msvc 876ms (cache miss)
345 silly packumentCache full:https://registry.npmjs.org/@swc%2fcore-win32-arm64-msvc set size:undefined disposed:false
346 http fetch GET 200 https://registry.npmjs.org/@swc%2fcore-darwin-x64 886ms (cache miss)
347 silly packumentCache full:https://registry.npmjs.org/@swc%2fcore-darwin-x64 set size:undefined disposed:false
348 http fetch GET 200 https://registry.npmjs.org/@swc%2fcore-linux-arm64-musl 907ms (cache miss)
349 silly packumentCache full:https://registry.npmjs.org/@swc%2fcore-linux-arm64-musl set size:undefined disposed:false
350 http fetch GET 200 https://registry.npmjs.org/@swc%2fcore-linux-arm-gnueabihf 926ms (cache miss)
351 silly packumentCache full:https://registry.npmjs.org/@swc%2fcore-linux-arm-gnueabihf set size:undefined disposed:false
352 http fetch GET 200 https://registry.npmjs.org/@swc%2fcore-linux-s390x-gnu 1108ms (cache miss)
353 silly packumentCache full:https://registry.npmjs.org/@swc%2fcore-linux-s390x-gnu set size:undefined disposed:false
354 http fetch GET 200 https://registry.npmjs.org/@swc%2fcounter 1206ms (cache miss)
355 silly packumentCache full:https://registry.npmjs.org/@swc%2fcounter set size:undefined disposed:false
356 http fetch GET 200 https://registry.npmjs.org/@swc%2fcore-win32-ia32-msvc 1213ms (cache miss)
357 silly packumentCache full:https://registry.npmjs.org/@swc%2fcore-win32-ia32-msvc set size:undefined disposed:false
358 silly placeDep ROOT @swc/core-darwin-arm64@1.15.26 OK for: @swc/core@1.15.26 want: 1.15.26
359 silly placeDep ROOT @swc/core-darwin-x64@1.15.26 OK for: @swc/core@1.15.26 want: 1.15.26
360 silly placeDep ROOT @swc/core-linux-arm-gnueabihf@1.15.26 OK for: @swc/core@1.15.26 want: 1.15.26
361 silly placeDep ROOT @swc/core-linux-arm64-gnu@1.15.26 OK for: @swc/core@1.15.26 want: 1.15.26
362 silly placeDep ROOT @swc/core-linux-arm64-musl@1.15.26 OK for: @swc/core@1.15.26 want: 1.15.26
363 silly placeDep ROOT @swc/core-linux-ppc64-gnu@1.15.26 OK for: @swc/core@1.15.26 want: 1.15.26
364 silly placeDep ROOT @swc/core-linux-s390x-gnu@1.15.26 OK for: @swc/core@1.15.26 want: 1.15.26
365 silly placeDep ROOT @swc/core-linux-x64-gnu@1.15.26 OK for: @swc/core@1.15.26 want: 1.15.26
366 silly placeDep ROOT @swc/core-linux-x64-musl@1.15.26 OK for: @swc/core@1.15.26 want: 1.15.26
367 silly placeDep ROOT @swc/core-win32-arm64-msvc@1.15.26 OK for: @swc/core@1.15.26 want: 1.15.26
368 silly placeDep ROOT @swc/core-win32-ia32-msvc@1.15.26 OK for: @swc/core@1.15.26 want: 1.15.26
369 silly placeDep ROOT @swc/core-win32-x64-msvc@1.15.26 OK for: @swc/core@1.15.26 want: 1.15.26
370 silly placeDep ROOT @swc/counter@0.1.3 OK for: @swc/core@1.15.26 want: ^0.1.3
371 silly placeDep ROOT @swc/types@0.1.26 OK for: @swc/core@1.15.26 want: ^0.1.26
372 silly placeDep ROOT browserslist@4.28.2 OK for: autoprefixer@10.5.0 want: ^4.28.2
373 silly placeDep ROOT caniuse-lite@1.0.30001788 OK for: autoprefixer@10.5.0 want: ^1.0.30001787
374 silly placeDep ROOT fraction.js@5.3.4 OK for: autoprefixer@10.5.0 want: ^5.3.4
375 silly placeDep ROOT picocolors@1.1.1 OK for: autoprefixer@10.5.0 want: ^1.1.1
376 silly placeDep ROOT postcss-value-parser@4.2.0 OK for: autoprefixer@10.5.0 want: ^4.2.0
377 silly fetch manifest baseline-browser-mapping@^2.10.12
378 silly packumentCache full:https://registry.npmjs.org/baseline-browser-mapping cache-miss
379 silly fetch manifest caniuse-lite@^1.0.30001782
380 silly packumentCache full:https://registry.npmjs.org/caniuse-lite cache-miss
381 silly fetch manifest electron-to-chromium@^1.5.328
382 silly packumentCache full:https://registry.npmjs.org/electron-to-chromium cache-miss
383 silly fetch manifest node-releases@^2.0.36
384 silly packumentCache full:https://registry.npmjs.org/node-releases cache-miss
385 silly fetch manifest update-browserslist-db@^1.2.3
386 silly packumentCache full:https://registry.npmjs.org/update-browserslist-db cache-miss
387 http cache https://registry.npmjs.org/caniuse-lite 14ms (cache hit)
388 silly packumentCache full:https://registry.npmjs.org/caniuse-lite set size:2285165 disposed:false
389 http fetch GET 200 https://registry.npmjs.org/baseline-browser-mapping 42ms (cache miss)
390 silly packumentCache full:https://registry.npmjs.org/baseline-browser-mapping set size:undefined disposed:false
391 http fetch GET 200 https://registry.npmjs.org/electron-to-chromium 125ms (cache miss)
392 silly packumentCache full:https://registry.npmjs.org/electron-to-chromium set size:undefined disposed:false
393 http fetch GET 200 https://registry.npmjs.org/update-browserslist-db 240ms (cache miss)
394 silly packumentCache full:https://registry.npmjs.org/update-browserslist-db set size:undefined disposed:false
395 http fetch GET 200 https://registry.npmjs.org/node-releases 249ms (cache miss)
396 silly packumentCache full:https://registry.npmjs.org/node-releases set size:undefined disposed:false
397 silly fetch manifest browserslist@>= 4.21.0
398 silly packumentCache full:https://registry.npmjs.org/browserslist cache-miss
399 http cache https://registry.npmjs.org/browserslist 5ms (cache hit)
400 silly packumentCache full:https://registry.npmjs.org/browserslist set size:504681 disposed:false
401 silly placeDep ROOT baseline-browser-mapping@2.10.19 OK for: browserslist@4.28.2 want: ^2.10.12
402 silly placeDep ROOT electron-to-chromium@1.5.340 OK for: browserslist@4.28.2 want: ^1.5.328
403 silly placeDep ROOT node-releases@2.0.37 OK for: browserslist@4.28.2 want: ^2.0.36
404 silly placeDep ROOT update-browserslist-db@1.2.3 OK for: browserslist@4.28.2 want: ^1.2.3
405 silly fetch manifest escalade@^3.2.0
406 silly packumentCache full:https://registry.npmjs.org/escalade cache-miss
407 http fetch GET 200 https://registry.npmjs.org/escalade 241ms (cache miss)
408 silly packumentCache full:https://registry.npmjs.org/escalade set size:undefined disposed:false
409 silly placeDep ROOT motion-dom@11.18.1 OK for: framer-motion@11.18.2 want: ^11.18.1
410 silly placeDep ROOT motion-utils@11.18.1 OK for: framer-motion@11.18.2 want: ^11.18.1
411 silly placeDep ROOT tslib@2.8.1 OK for: framer-motion@11.18.2 want: ^2.4.0
412 silly placeDep ROOT nanoid@3.3.11 OK for: postcss@8.5.10 want: ^3.3.11
413 silly placeDep ROOT source-map-js@1.2.1 OK for: postcss@8.5.10 want: ^1.2.1
414 silly placeDep ROOT loose-envify@1.4.0 OK for: react@18.3.1 want: ^1.1.0
415 silly fetch manifest js-tokens@^3.0.0 || ^4.0.0
416 silly packumentCache full:https://registry.npmjs.org/js-tokens cache-miss
417 http fetch GET 200 https://registry.npmjs.org/js-tokens 637ms (cache miss)
418 silly packumentCache full:https://registry.npmjs.org/js-tokens set size:undefined disposed:false
419 silly placeDep ROOT js-tokens@4.0.0 OK for: loose-envify@1.4.0 want: ^3.0.0 || ^4.0.0
420 silly placeDep ROOT scheduler@0.23.2 OK for: react-dom@18.3.1 want: ^0.23.2
421 silly fetch manifest postcss@^8.4.47
422 silly packumentCache full:https://registry.npmjs.org/postcss cache-hit
423 silly fetch manifest tsx@^4.8.1
424 silly packumentCache full:https://registry.npmjs.org/tsx cache-miss
425 http fetch GET 200 https://registry.npmjs.org/tsx 130ms (cache miss)
426 silly packumentCache full:https://registry.npmjs.org/tsx set size:undefined disposed:false
427 silly fetch manifest yaml@^2.4.2
428 silly packumentCache full:https://registry.npmjs.org/yaml cache-miss
429 http fetch GET 200 https://registry.npmjs.org/yaml 52ms (cache miss)
430 silly packumentCache full:https://registry.npmjs.org/yaml set size:undefined disposed:false
431 silly placeDep ROOT @alloc/quick-lru@5.2.0 OK for: tailwindcss@3.4.19 want: ^5.2.0
432 silly placeDep ROOT arg@5.0.2 OK for: tailwindcss@3.4.19 want: ^5.0.2
433 silly placeDep ROOT chokidar@3.6.0 OK for: tailwindcss@3.4.19 want: ^3.6.0
434 silly placeDep ROOT didyoumean@1.2.2 OK for: tailwindcss@3.4.19 want: ^1.2.2
435 silly placeDep ROOT dlv@1.1.3 OK for: tailwindcss@3.4.19 want: ^1.1.3
436 silly placeDep ROOT fast-glob@3.3.3 OK for: tailwindcss@3.4.19 want: ^3.3.2
437 silly placeDep ROOT glob-parent@6.0.2 OK for: tailwindcss@3.4.19 want: ^6.0.2
438 silly placeDep ROOT is-glob@4.0.3 OK for: tailwindcss@3.4.19 want: ^4.0.3
439 silly placeDep ROOT jiti@1.21.7 OK for: tailwindcss@3.4.19 want: ^1.21.7
440 silly placeDep ROOT lilconfig@3.1.3 OK for: tailwindcss@3.4.19 want: ^3.1.3
441 silly placeDep ROOT micromatch@4.0.8 OK for: tailwindcss@3.4.19 want: ^4.0.8
442 silly placeDep ROOT normalize-path@3.0.0 OK for: tailwindcss@3.4.19 want: ^3.0.0
443 silly placeDep ROOT object-hash@3.0.0 OK for: tailwindcss@3.4.19 want: ^3.0.0
444 silly placeDep ROOT postcss-import@15.1.0 OK for: tailwindcss@3.4.19 want: ^15.1.0
445 silly placeDep ROOT postcss-js@4.1.0 OK for: tailwindcss@3.4.19 want: ^4.0.1
446 silly placeDep ROOT postcss-load-config@6.0.1 OK for: tailwindcss@3.4.19 want: ^4.0.2 || ^5.0 || ^6.0
447 silly placeDep ROOT postcss-nested@6.2.0 OK for: tailwindcss@3.4.19 want: ^6.2.0
448 silly placeDep ROOT postcss-selector-parser@6.1.2 OK for: tailwindcss@3.4.19 want: ^6.1.2
449 silly placeDep ROOT resolve@1.22.12 OK for: tailwindcss@3.4.19 want: ^1.22.8
450 silly placeDep ROOT sucrase@3.35.1 OK for: tailwindcss@3.4.19 want: ^3.35.0
451 silly fetch manifest braces@~3.0.2
452 silly packumentCache full:https://registry.npmjs.org/braces cache-miss
453 silly fetch manifest is-glob@~4.0.1
454 silly packumentCache full:https://registry.npmjs.org/is-glob cache-miss
455 silly fetch manifest anymatch@~3.1.2
456 silly packumentCache full:https://registry.npmjs.org/anymatch cache-miss
457 silly fetch manifest readdirp@~3.6.0
458 silly packumentCache full:https://registry.npmjs.org/readdirp cache-miss
459 silly fetch manifest glob-parent@~5.1.2
460 silly packumentCache full:https://registry.npmjs.org/glob-parent cache-miss
461 silly fetch manifest is-binary-path@~2.1.0
462 silly packumentCache full:https://registry.npmjs.org/is-binary-path cache-miss
463 silly fetch manifest normalize-path@~3.0.0
464 silly packumentCache full:https://registry.npmjs.org/normalize-path cache-miss
465 silly fetch manifest fsevents@~2.3.2
466 silly packumentCache full:https://registry.npmjs.org/fsevents cache-miss
467 silly fetch manifest @nodelib/fs.stat@^2.0.2
468 silly packumentCache full:https://registry.npmjs.org/@nodelib%2ffs.stat cache-miss
469 silly fetch manifest @nodelib/fs.walk@^1.2.3
470 silly packumentCache full:https://registry.npmjs.org/@nodelib%2ffs.walk cache-miss
471 silly fetch manifest glob-parent@^5.1.2
472 silly packumentCache full:https://registry.npmjs.org/glob-parent cache-miss
473 silly fetch manifest merge2@^1.3.0
474 silly packumentCache full:https://registry.npmjs.org/merge2 cache-miss
475 silly fetch manifest is-extglob@^2.1.1
476 silly packumentCache full:https://registry.npmjs.org/is-extglob cache-miss
477 silly fetch manifest braces@^3.0.3
478 silly packumentCache full:https://registry.npmjs.org/braces cache-miss
479 silly fetch manifest picomatch@^2.3.1
480 silly packumentCache full:https://registry.npmjs.org/picomatch cache-miss
481 http cache https://registry.npmjs.org/glob-parent 20ms (cache hit)
482 silly packumentCache full:https://registry.npmjs.org/glob-parent set size:42445 disposed:false
483 silly fetch manifest resolve@^1.1.7
484 silly packumentCache full:https://registry.npmjs.org/resolve cache-miss
485 http cache https://registry.npmjs.org/is-glob 23ms (cache hit)
486 silly packumentCache full:https://registry.npmjs.org/is-glob set size:40530 disposed:false
487 silly fetch manifest read-cache@^1.0.0
488 silly packumentCache full:https://registry.npmjs.org/read-cache cache-miss
489 http cache https://registry.npmjs.org/normalize-path 27ms (cache hit)
490 silly packumentCache full:https://registry.npmjs.org/normalize-path set size:28713 disposed:false
491 silly fetch manifest camelcase-css@^2.0.1
492 silly packumentCache full:https://registry.npmjs.org/camelcase-css cache-miss
493 http cache https://registry.npmjs.org/fsevents 31ms (cache hit)
494 silly packumentCache full:https://registry.npmjs.org/fsevents set size:182472 disposed:false
495 silly fetch manifest postcss-selector-parser@^6.1.1
496 silly packumentCache full:https://registry.npmjs.org/postcss-selector-parser cache-miss
497 http cache https://registry.npmjs.org/glob-parent 35ms (cache hit)
498 silly packumentCache full:https://registry.npmjs.org/glob-parent set size:42445 disposed:false
499 silly packumentCache full:https://registry.npmjs.org/glob-parent dispose
500 silly fetch manifest cssesc@^3.0.0
501 silly packumentCache full:https://registry.npmjs.org/cssesc cache-miss
502 http cache https://registry.npmjs.org/resolve 26ms (cache hit)
503 silly packumentCache full:https://registry.npmjs.org/resolve set size:252941 disposed:false
504 silly fetch manifest util-deprecate@^1.0.2
505 silly packumentCache full:https://registry.npmjs.org/util-deprecate cache-miss
506 http cache https://registry.npmjs.org/postcss-selector-parser 21ms (cache hit)
507 silly packumentCache full:https://registry.npmjs.org/postcss-selector-parser set size:177140 disposed:false
508 silly fetch manifest es-errors@^1.3.0
509 silly packumentCache full:https://registry.npmjs.org/es-errors cache-miss
510 http fetch GET 200 https://registry.npmjs.org/is-binary-path 102ms (cache miss)
511 silly packumentCache full:https://registry.npmjs.org/is-binary-path set size:undefined disposed:false
512 silly fetch manifest is-core-module@^2.16.1
513 silly packumentCache full:https://registry.npmjs.org/is-core-module cache-miss
514 http fetch GET 200 https://registry.npmjs.org/anymatch 105ms (cache miss)
515 silly packumentCache full:https://registry.npmjs.org/anymatch set size:undefined disposed:false
516 silly fetch manifest path-parse@^1.0.7
517 silly packumentCache full:https://registry.npmjs.org/path-parse cache-miss
518 http fetch GET 200 https://registry.npmjs.org/readdirp 109ms (cache miss)
519 silly packumentCache full:https://registry.npmjs.org/readdirp set size:undefined disposed:false
520 silly fetch manifest supports-preserve-symlinks-flag@^1.0.0
521 silly packumentCache full:https://registry.npmjs.org/supports-preserve-symlinks-flag cache-miss
522 http fetch GET 200 https://registry.npmjs.org/camelcase-css 85ms (cache miss)
523 silly packumentCache full:https://registry.npmjs.org/camelcase-css set size:undefined disposed:false
524 silly fetch manifest @jridgewell/gen-mapping@^0.3.2
525 silly packumentCache full:https://registry.npmjs.org/@jridgewell%2fgen-mapping cache-miss
526 http fetch GET 200 https://registry.npmjs.org/cssesc 78ms (cache miss)
527 silly packumentCache full:https://registry.npmjs.org/cssesc set size:undefined disposed:false
528 silly fetch manifest commander@^4.0.0
529 silly packumentCache full:https://registry.npmjs.org/commander cache-miss
530 http fetch GET 200 https://registry.npmjs.org/util-deprecate 67ms (cache miss)
531 silly packumentCache full:https://registry.npmjs.org/util-deprecate set size:undefined disposed:false
532 silly fetch manifest lines-and-columns@^1.1.6
533 silly packumentCache full:https://registry.npmjs.org/lines-and-columns cache-miss
534 http fetch GET 200 https://registry.npmjs.org/es-errors 62ms (cache miss)
535 silly packumentCache full:https://registry.npmjs.org/es-errors set size:undefined disposed:false
536 silly fetch manifest mz@^2.7.0
537 silly packumentCache full:https://registry.npmjs.org/mz cache-miss
538 http fetch GET 200 https://registry.npmjs.org/picomatch 119ms (cache miss)
539 silly packumentCache full:https://registry.npmjs.org/picomatch set size:undefined disposed:false
540 silly fetch manifest pirates@^4.0.1
541 silly packumentCache full:https://registry.npmjs.org/pirates cache-miss
542 http fetch GET 200 https://registry.npmjs.org/supports-preserve-symlinks-flag 55ms (cache miss)
543 silly packumentCache full:https://registry.npmjs.org/supports-preserve-symlinks-flag set size:undefined disposed:false
544 silly fetch manifest tinyglobby@^0.2.11
545 silly packumentCache full:https://registry.npmjs.org/tinyglobby cache-miss
546 http fetch GET 200 https://registry.npmjs.org/mz 49ms (cache miss)
547 silly packumentCache full:https://registry.npmjs.org/mz set size:undefined disposed:false
548 silly fetch manifest ts-interface-checker@^0.1.9
549 silly packumentCache full:https://registry.npmjs.org/ts-interface-checker cache-miss
550 http fetch GET 200 https://registry.npmjs.org/pirates 48ms (cache miss)
551 silly packumentCache full:https://registry.npmjs.org/pirates set size:undefined disposed:false
552 http fetch GET 200 https://registry.npmjs.org/commander 59ms (cache miss)
553 silly packumentCache full:https://registry.npmjs.org/commander set size:undefined disposed:false
554 http fetch GET 200 https://registry.npmjs.org/tinyglobby 40ms (cache miss)
555 silly packumentCache full:https://registry.npmjs.org/tinyglobby set size:undefined disposed:false
556 http fetch GET 200 https://registry.npmjs.org/braces 239ms (cache miss)
557 silly packumentCache full:https://registry.npmjs.org/braces set size:undefined disposed:false
558 http fetch GET 200 https://registry.npmjs.org/braces 247ms (cache miss)
559 silly packumentCache full:https://registry.npmjs.org/braces set size:undefined disposed:false
560 http fetch GET 200 https://registry.npmjs.org/is-extglob 248ms (cache miss)
561 silly packumentCache full:https://registry.npmjs.org/is-extglob set size:undefined disposed:false
562 http fetch GET 200 https://registry.npmjs.org/read-cache 238ms (cache miss)
563 silly packumentCache full:https://registry.npmjs.org/read-cache set size:undefined disposed:false
564 http fetch GET 200 https://registry.npmjs.org/merge2 260ms (cache miss)
565 silly packumentCache full:https://registry.npmjs.org/merge2 set size:undefined disposed:false
566 http fetch GET 200 https://registry.npmjs.org/@nodelib%2ffs.stat 267ms (cache miss)
567 silly packumentCache full:https://registry.npmjs.org/@nodelib%2ffs.stat set size:undefined disposed:false
568 http fetch GET 200 https://registry.npmjs.org/is-core-module 241ms (cache miss)
569 silly packumentCache full:https://registry.npmjs.org/is-core-module set size:undefined disposed:false
570 http fetch GET 200 https://registry.npmjs.org/path-parse 254ms (cache miss)
571 silly packumentCache full:https://registry.npmjs.org/path-parse set size:undefined disposed:false
572 http fetch GET 200 https://registry.npmjs.org/lines-and-columns 264ms (cache miss)
573 silly packumentCache full:https://registry.npmjs.org/lines-and-columns set size:undefined disposed:false
574 http fetch GET 200 https://registry.npmjs.org/ts-interface-checker 239ms (cache miss)
575 silly packumentCache full:https://registry.npmjs.org/ts-interface-checker set size:undefined disposed:false
576 http fetch GET 200 https://registry.npmjs.org/@nodelib%2ffs.walk 456ms (cache miss)
577 silly packumentCache full:https://registry.npmjs.org/@nodelib%2ffs.walk set size:undefined disposed:false
578 http fetch GET 200 https://registry.npmjs.org/@jridgewell%2fgen-mapping 910ms (cache miss)
579 silly packumentCache full:https://registry.npmjs.org/@jridgewell%2fgen-mapping set size:undefined disposed:false
580 silly placeDep ROOT anymatch@3.1.3 OK for: chokidar@3.6.0 want: ~3.1.2
581 silly placeDep ROOT braces@3.0.3 OK for: chokidar@3.6.0 want: ~3.0.2
582 silly placeDep ROOT fsevents@2.3.3 OK for: chokidar@3.6.0 want: ~2.3.2
583 silly placeDep node_modules/chokidar glob-parent@5.1.2 OK for: chokidar@3.6.0 want: ~5.1.2
584 silly placeDep ROOT is-binary-path@2.1.0 OK for: chokidar@3.6.0 want: ~2.1.0
585 silly placeDep ROOT readdirp@3.6.0 OK for: chokidar@3.6.0 want: ~3.6.0
586 silly fetch manifest picomatch@^2.0.4
587 silly packumentCache full:https://registry.npmjs.org/picomatch cache-miss
588 silly fetch manifest fill-range@^7.1.1
589 silly packumentCache full:https://registry.npmjs.org/fill-range cache-miss
590 silly fetch manifest binary-extensions@^2.0.0
591 silly packumentCache full:https://registry.npmjs.org/binary-extensions cache-miss
592 silly fetch manifest picomatch@^2.2.1
593 silly packumentCache full:https://registry.npmjs.org/picomatch cache-miss
594 http cache https://registry.npmjs.org/picomatch 6ms (cache hit)
595 silly packumentCache full:https://registry.npmjs.org/picomatch set size:126376 disposed:false
596 http cache https://registry.npmjs.org/picomatch 9ms (cache hit)
597 silly packumentCache full:https://registry.npmjs.org/picomatch set size:126376 disposed:false
598 silly packumentCache full:https://registry.npmjs.org/picomatch dispose
599 http fetch GET 200 https://registry.npmjs.org/binary-extensions 39ms (cache miss)
600 silly packumentCache full:https://registry.npmjs.org/binary-extensions set size:undefined disposed:false
601 http fetch GET 200 https://registry.npmjs.org/fill-range 237ms (cache miss)
602 silly packumentCache full:https://registry.npmjs.org/fill-range set size:undefined disposed:false
603 silly placeDep ROOT picomatch@2.3.2 OK for: anymatch@3.1.3 want: ^2.0.4
604 silly placeDep ROOT fill-range@7.1.1 OK for: braces@3.0.3 want: ^7.1.1
605 silly fetch manifest to-regex-range@^5.0.1
606 silly packumentCache full:https://registry.npmjs.org/to-regex-range cache-miss
607 http fetch GET 200 https://registry.npmjs.org/to-regex-range 636ms (cache miss)
608 silly packumentCache full:https://registry.npmjs.org/to-regex-range set size:undefined disposed:false
609 silly placeDep ROOT @nodelib/fs.stat@2.0.5 OK for: fast-glob@3.3.3 want: ^2.0.2
610 silly placeDep ROOT @nodelib/fs.walk@1.2.8 OK for: fast-glob@3.3.3 want: ^1.2.3
611 silly placeDep node_modules/fast-glob glob-parent@5.1.2 OK for: fast-glob@3.3.3 want: ^5.1.2
612 silly placeDep ROOT merge2@1.4.1 OK for: fast-glob@3.3.3 want: ^1.3.0
613 silly fetch manifest fastq@^1.6.0
614 silly packumentCache full:https://registry.npmjs.org/fastq cache-miss
615 silly fetch manifest @nodelib/fs.scandir@2.1.5
616 silly packumentCache full:https://registry.npmjs.org/@nodelib%2ffs.scandir cache-miss
617 http fetch GET 200 https://registry.npmjs.org/fastq 35ms (cache miss)
618 silly packumentCache full:https://registry.npmjs.org/fastq set size:undefined disposed:false
619 http fetch GET 200 https://registry.npmjs.org/@nodelib%2ffs.scandir 118ms (cache miss)
620 silly packumentCache full:https://registry.npmjs.org/@nodelib%2ffs.scandir set size:undefined disposed:false
621 silly placeDep ROOT @nodelib/fs.scandir@2.1.5 OK for: @nodelib/fs.walk@1.2.8 want: 2.1.5
622 silly placeDep ROOT fastq@1.20.1 OK for: @nodelib/fs.walk@1.2.8 want: ^1.6.0
623 silly fetch manifest run-parallel@^1.1.9
624 silly packumentCache full:https://registry.npmjs.org/run-parallel cache-miss
625 silly fetch manifest reusify@^1.0.4
626 silly packumentCache full:https://registry.npmjs.org/reusify cache-miss
627 http fetch GET 200 https://registry.npmjs.org/run-parallel 235ms (cache miss)
628 silly packumentCache full:https://registry.npmjs.org/run-parallel set size:undefined disposed:false
629 http fetch GET 200 https://registry.npmjs.org/reusify 246ms (cache miss)
630 silly packumentCache full:https://registry.npmjs.org/reusify set size:undefined disposed:false
631 silly placeDep ROOT run-parallel@1.2.0 OK for: @nodelib/fs.scandir@2.1.5 want: ^1.1.9
632 silly fetch manifest queue-microtask@^1.2.2
633 silly packumentCache full:https://registry.npmjs.org/queue-microtask cache-miss
634 http fetch GET 200 https://registry.npmjs.org/queue-microtask 35ms (cache miss)
635 silly packumentCache full:https://registry.npmjs.org/queue-microtask set size:undefined disposed:false
636 silly placeDep ROOT reusify@1.1.0 OK for: fastq@1.20.1 want: ^1.0.4
637 silly placeDep ROOT to-regex-range@5.0.1 OK for: fill-range@7.1.1 want: ^5.0.1
638 silly fetch manifest is-number@^7.0.0
639 silly packumentCache full:https://registry.npmjs.org/is-number cache-miss
640 http fetch GET 200 https://registry.npmjs.org/is-number 246ms (cache miss)
641 silly packumentCache full:https://registry.npmjs.org/is-number set size:undefined disposed:false
642 silly placeDep ROOT binary-extensions@2.3.0 OK for: is-binary-path@2.1.0 want: ^2.0.0
643 silly placeDep ROOT is-extglob@2.1.1 OK for: is-glob@4.0.3 want: ^2.1.1
644 silly placeDep ROOT read-cache@1.0.0 OK for: postcss-import@15.1.0 want: ^1.0.0
645 silly fetch manifest pify@^2.3.0
646 silly packumentCache full:https://registry.npmjs.org/pify cache-miss
647 http fetch GET 200 https://registry.npmjs.org/pify 241ms (cache miss)
648 silly packumentCache full:https://registry.npmjs.org/pify set size:undefined disposed:false
649 silly placeDep ROOT camelcase-css@2.0.1 OK for: postcss-js@4.1.0 want: ^2.0.1
650 silly placeDep ROOT cssesc@3.0.0 OK for: postcss-selector-parser@6.1.2 want: ^3.0.0
651 silly placeDep ROOT util-deprecate@1.0.2 OK for: postcss-selector-parser@6.1.2 want: ^1.0.2
652 silly placeDep ROOT pify@2.3.0 OK for: read-cache@1.0.0 want: ^2.3.0
653 silly placeDep ROOT es-errors@1.3.0 OK for: resolve@1.22.12 want: ^1.3.0
654 silly placeDep ROOT is-core-module@2.16.1 OK for: resolve@1.22.12 want: ^2.16.1
655 silly placeDep ROOT path-parse@1.0.7 OK for: resolve@1.22.12 want: ^1.0.7
656 silly placeDep ROOT supports-preserve-symlinks-flag@1.0.0 OK for: resolve@1.22.12 want: ^1.0.0
657 silly fetch manifest hasown@^2.0.2
658 silly packumentCache full:https://registry.npmjs.org/hasown cache-miss
659 http fetch GET 200 https://registry.npmjs.org/hasown 67ms (cache miss)
660 silly packumentCache full:https://registry.npmjs.org/hasown set size:undefined disposed:false
661 silly placeDep ROOT hasown@2.0.2 OK for: is-core-module@2.16.1 want: ^2.0.2
662 silly fetch manifest function-bind@^1.1.2
663 silly packumentCache full:https://registry.npmjs.org/function-bind cache-miss
664 http fetch GET 200 https://registry.npmjs.org/function-bind 46ms (cache miss)
665 silly packumentCache full:https://registry.npmjs.org/function-bind set size:undefined disposed:false
666 silly placeDep ROOT function-bind@1.1.2 OK for: hasown@2.0.2 want: ^1.1.2
667 silly placeDep ROOT queue-microtask@1.2.3 OK for: run-parallel@1.2.0 want: ^1.2.2
668 silly placeDep ROOT @jridgewell/gen-mapping@0.3.13 OK for: sucrase@3.35.1 want: ^0.3.2
669 silly placeDep ROOT commander@4.1.1 OK for: sucrase@3.35.1 want: ^4.0.0
670 silly placeDep ROOT lines-and-columns@1.2.4 OK for: sucrase@3.35.1 want: ^1.1.6
671 silly placeDep ROOT mz@2.7.0 OK for: sucrase@3.35.1 want: ^2.7.0
672 silly placeDep ROOT pirates@4.0.7 OK for: sucrase@3.35.1 want: ^4.0.1
673 silly placeDep ROOT tinyglobby@0.2.16 OK for: sucrase@3.35.1 want: ^0.2.11
674 silly placeDep ROOT ts-interface-checker@0.1.13 OK for: sucrase@3.35.1 want: ^0.1.9
675 silly fetch manifest @jridgewell/sourcemap-codec@^1.5.0
676 silly packumentCache full:https://registry.npmjs.org/@jridgewell%2fsourcemap-codec cache-miss
677 silly fetch manifest @jridgewell/trace-mapping@^0.3.24
678 silly packumentCache full:https://registry.npmjs.org/@jridgewell%2ftrace-mapping cache-miss
679 silly fetch manifest any-promise@^1.0.0
680 silly packumentCache full:https://registry.npmjs.org/any-promise cache-miss
681 silly fetch manifest object-assign@^4.0.1
682 silly packumentCache full:https://registry.npmjs.org/object-assign cache-miss
683 silly fetch manifest thenify-all@^1.0.0
684 silly packumentCache full:https://registry.npmjs.org/thenify-all cache-miss
685 silly fetch manifest fdir@^6.5.0
686 silly packumentCache full:https://registry.npmjs.org/fdir cache-miss
687 silly fetch manifest picomatch@^4.0.4
688 silly packumentCache full:https://registry.npmjs.org/picomatch cache-hit
689 http fetch GET 200 https://registry.npmjs.org/any-promise 45ms (cache miss)
690 silly packumentCache full:https://registry.npmjs.org/any-promise set size:undefined disposed:false
691 http fetch GET 200 https://registry.npmjs.org/thenify-all 47ms (cache miss)
692 silly packumentCache full:https://registry.npmjs.org/thenify-all set size:undefined disposed:false
693 http fetch GET 200 https://registry.npmjs.org/object-assign 50ms (cache miss)
694 silly packumentCache full:https://registry.npmjs.org/object-assign set size:undefined disposed:false
695 http fetch GET 200 https://registry.npmjs.org/fdir 52ms (cache miss)
696 silly packumentCache full:https://registry.npmjs.org/fdir set size:undefined disposed:false
697 http fetch GET 200 https://registry.npmjs.org/@jridgewell%2ftrace-mapping 258ms (cache miss)
698 silly packumentCache full:https://registry.npmjs.org/@jridgewell%2ftrace-mapping set size:undefined disposed:false
699 http fetch GET 200 https://registry.npmjs.org/@jridgewell%2fsourcemap-codec 1062ms (cache miss)
700 silly packumentCache full:https://registry.npmjs.org/@jridgewell%2fsourcemap-codec set size:undefined disposed:false
701 silly placeDep ROOT @jridgewell/sourcemap-codec@1.5.5 OK for: @jridgewell/gen-mapping@0.3.13 want: ^1.5.0
702 silly placeDep ROOT @jridgewell/trace-mapping@0.3.31 OK for: @jridgewell/gen-mapping@0.3.13 want: ^0.3.24
703 silly fetch manifest @jridgewell/resolve-uri@^3.1.0
704 silly packumentCache full:https://registry.npmjs.org/@jridgewell%2fresolve-uri cache-miss
705 http fetch GET 200 https://registry.npmjs.org/@jridgewell%2fresolve-uri 803ms (cache miss)
706 silly packumentCache full:https://registry.npmjs.org/@jridgewell%2fresolve-uri set size:undefined disposed:false
707 silly placeDep ROOT @jridgewell/resolve-uri@3.1.2 OK for: @jridgewell/trace-mapping@0.3.31 want: ^3.1.0
708 silly placeDep ROOT any-promise@1.3.0 OK for: mz@2.7.0 want: ^1.0.0
709 silly placeDep ROOT object-assign@4.1.1 OK for: mz@2.7.0 want: ^4.0.1
710 silly placeDep ROOT thenify-all@1.6.0 OK for: mz@2.7.0 want: ^1.0.0
711 silly fetch manifest thenify@>= 3.1.0 < 4
712 silly packumentCache full:https://registry.npmjs.org/thenify cache-miss
713 http fetch GET 200 https://registry.npmjs.org/thenify 41ms (cache miss)
714 silly packumentCache full:https://registry.npmjs.org/thenify set size:undefined disposed:false
715 silly placeDep ROOT thenify@3.3.1 OK for: thenify-all@1.6.0 want: >= 3.1.0 < 4
716 silly placeDep node_modules/tinyglobby fdir@6.5.0 OK for: tinyglobby@0.2.16 want: ^6.5.0
717 silly placeDep node_modules/tinyglobby picomatch@4.0.4 OK for: fdir@6.5.0 want: ^3 || ^4
718 silly placeDep ROOT is-number@7.0.0 OK for: to-regex-range@5.0.1 want: ^7.0.0
719 silly placeDep ROOT escalade@3.2.0 OK for: update-browserslist-db@1.2.3 want: ^3.2.0
720 silly placeDep ROOT esbuild@0.21.5 OK for: vite@5.4.21 want: ^0.21.3
721 silly placeDep ROOT rollup@4.60.1 OK for: vite@5.4.21 want: ^4.20.0
722 silly fetch manifest @esbuild/aix-ppc64@0.21.5
723 silly packumentCache full:https://registry.npmjs.org/@esbuild%2faix-ppc64 cache-miss
724 silly fetch manifest @esbuild/linux-arm@0.21.5
725 silly packumentCache full:https://registry.npmjs.org/@esbuild%2flinux-arm cache-miss
726 silly fetch manifest @esbuild/linux-x64@0.21.5
727 silly packumentCache full:https://registry.npmjs.org/@esbuild%2flinux-x64 cache-miss
728 silly fetch manifest @esbuild/sunos-x64@0.21.5
729 silly packumentCache full:https://registry.npmjs.org/@esbuild%2fsunos-x64 cache-miss
730 silly fetch manifest @esbuild/win32-x64@0.21.5
731 silly packumentCache full:https://registry.npmjs.org/@esbuild%2fwin32-x64 cache-miss
732 silly fetch manifest @esbuild/darwin-x64@0.21.5
733 silly packumentCache full:https://registry.npmjs.org/@esbuild%2fdarwin-x64 cache-miss
734 silly fetch manifest @esbuild/linux-ia32@0.21.5
735 silly packumentCache full:https://registry.npmjs.org/@esbuild%2flinux-ia32 cache-miss
736 silly fetch manifest @esbuild/netbsd-x64@0.21.5
737 silly packumentCache full:https://registry.npmjs.org/@esbuild%2fnetbsd-x64 cache-miss
738 silly fetch manifest @esbuild/win32-ia32@0.21.5
739 silly packumentCache full:https://registry.npmjs.org/@esbuild%2fwin32-ia32 cache-miss
740 silly fetch manifest @esbuild/android-arm@0.21.5
741 silly packumentCache full:https://registry.npmjs.org/@esbuild%2fandroid-arm cache-miss
742 silly fetch manifest @esbuild/android-x64@0.21.5
743 silly packumentCache full:https://registry.npmjs.org/@esbuild%2fandroid-x64 cache-miss
744 silly fetch manifest @esbuild/freebsd-x64@0.21.5
745 silly packumentCache full:https://registry.npmjs.org/@esbuild%2ffreebsd-x64 cache-miss
746 silly fetch manifest @esbuild/linux-arm64@0.21.5
747 silly packumentCache full:https://registry.npmjs.org/@esbuild%2flinux-arm64 cache-miss
748 silly fetch manifest @esbuild/linux-ppc64@0.21.5
749 silly packumentCache full:https://registry.npmjs.org/@esbuild%2flinux-ppc64 cache-miss
750 silly fetch manifest @esbuild/linux-s390x@0.21.5
751 silly packumentCache full:https://registry.npmjs.org/@esbuild%2flinux-s390x cache-miss
752 http fetch GET 200 https://registry.npmjs.org/@esbuild%2faix-ppc64 52ms (cache miss)
753 silly packumentCache full:https://registry.npmjs.org/@esbuild%2faix-ppc64 set size:undefined disposed:false
754 silly fetch manifest @esbuild/openbsd-x64@0.21.5
755 silly packumentCache full:https://registry.npmjs.org/@esbuild%2fopenbsd-x64 cache-miss
756 http fetch GET 200 https://registry.npmjs.org/@esbuild%2flinux-x64 63ms (cache miss)
757 silly packumentCache full:https://registry.npmjs.org/@esbuild%2flinux-x64 set size:undefined disposed:false
758 silly fetch manifest @esbuild/win32-arm64@0.21.5
759 silly packumentCache full:https://registry.npmjs.org/@esbuild%2fwin32-arm64 cache-miss
760 http fetch GET 200 https://registry.npmjs.org/@esbuild%2ffreebsd-x64 72ms (cache miss)
761 silly packumentCache full:https://registry.npmjs.org/@esbuild%2ffreebsd-x64 set size:undefined disposed:false
762 silly fetch manifest @esbuild/darwin-arm64@0.21.5
763 silly packumentCache full:https://registry.npmjs.org/@esbuild%2fdarwin-arm64 cache-miss
764 http fetch GET 200 https://registry.npmjs.org/@esbuild%2flinux-arm64 78ms (cache miss)
765 silly packumentCache full:https://registry.npmjs.org/@esbuild%2flinux-arm64 set size:undefined disposed:false
766 silly fetch manifest @esbuild/android-arm64@0.21.5
767 silly packumentCache full:https://registry.npmjs.org/@esbuild%2fandroid-arm64 cache-miss
768 http fetch GET 200 https://registry.npmjs.org/@esbuild%2fwin32-ia32 86ms (cache miss)
769 silly packumentCache full:https://registry.npmjs.org/@esbuild%2fwin32-ia32 set size:undefined disposed:false
770 silly fetch manifest @esbuild/freebsd-arm64@0.21.5
771 silly packumentCache full:https://registry.npmjs.org/@esbuild%2ffreebsd-arm64 cache-miss
772 http fetch GET 200 https://registry.npmjs.org/@esbuild%2fandroid-x64 89ms (cache miss)
773 silly packumentCache full:https://registry.npmjs.org/@esbuild%2fandroid-x64 set size:undefined disposed:false
774 silly fetch manifest @esbuild/linux-loong64@0.21.5
775 silly packumentCache full:https://registry.npmjs.org/@esbuild%2flinux-loong64 cache-miss
776 http fetch GET 200 https://registry.npmjs.org/@esbuild%2flinux-ia32 90ms (cache miss)
777 silly packumentCache full:https://registry.npmjs.org/@esbuild%2flinux-ia32 set size:undefined disposed:false
778 silly fetch manifest @esbuild/linux-riscv64@0.21.5
779 silly packumentCache full:https://registry.npmjs.org/@esbuild%2flinux-riscv64 cache-miss
780 http fetch GET 200 https://registry.npmjs.org/@esbuild%2fsunos-x64 93ms (cache miss)
781 silly packumentCache full:https://registry.npmjs.org/@esbuild%2fsunos-x64 set size:undefined disposed:false
782 silly fetch manifest @esbuild/linux-mips64el@0.21.5
783 silly packumentCache full:https://registry.npmjs.org/@esbuild%2flinux-mips64el cache-miss
784 http fetch GET 200 https://registry.npmjs.org/@esbuild%2fdarwin-x64 95ms (cache miss)
785 silly packumentCache full:https://registry.npmjs.org/@esbuild%2fdarwin-x64 set size:undefined disposed:false
786 silly fetch manifest @types/estree@1.0.8
787 silly packumentCache full:https://registry.npmjs.org/@types%2festree cache-miss
788 http fetch GET 200 https://registry.npmjs.org/@esbuild%2fandroid-arm 101ms (cache miss)
789 silly packumentCache full:https://registry.npmjs.org/@esbuild%2fandroid-arm set size:undefined disposed:false
790 silly fetch manifest @rollup/rollup-darwin-arm64@4.60.1
791 silly packumentCache full:https://registry.npmjs.org/@rollup%2frollup-darwin-arm64 cache-miss
792 http fetch GET 200 https://registry.npmjs.org/@esbuild%2fdarwin-arm64 47ms (cache miss)
793 silly packumentCache full:https://registry.npmjs.org/@esbuild%2fdarwin-arm64 set size:undefined disposed:false
794 silly fetch manifest @rollup/rollup-android-arm64@4.60.1
795 silly packumentCache full:https://registry.npmjs.org/@rollup%2frollup-android-arm64 cache-miss
796 http fetch GET 200 https://registry.npmjs.org/@esbuild%2fandroid-arm64 48ms (cache miss)
797 silly packumentCache full:https://registry.npmjs.org/@esbuild%2fandroid-arm64 set size:undefined disposed:false
798 silly fetch manifest @rollup/rollup-win32-arm64-msvc@4.60.1
799 silly packumentCache full:https://registry.npmjs.org/@rollup%2frollup-win32-arm64-msvc cache-miss
800 http fetch GET 200 https://registry.npmjs.org/@esbuild%2flinux-mips64el 59ms (cache miss)
801 silly packumentCache full:https://registry.npmjs.org/@esbuild%2flinux-mips64el set size:undefined disposed:false
802 silly fetch manifest @rollup/rollup-freebsd-arm64@4.60.1
803 silly packumentCache full:https://registry.npmjs.org/@rollup%2frollup-freebsd-arm64 cache-miss
804 http fetch GET 200 https://registry.npmjs.org/@esbuild%2ffreebsd-arm64 71ms (cache miss)
805 silly packumentCache full:https://registry.npmjs.org/@esbuild%2ffreebsd-arm64 set size:undefined disposed:false
806 silly fetch manifest @rollup/rollup-linux-arm64-gnu@4.60.1
807 silly packumentCache full:https://registry.npmjs.org/@rollup%2frollup-linux-arm64-gnu cache-miss
808 http fetch GET 200 https://registry.npmjs.org/@esbuild%2flinux-loong64 73ms (cache miss)
809 silly packumentCache full:https://registry.npmjs.org/@esbuild%2flinux-loong64 set size:undefined disposed:false
810 silly fetch manifest @rollup/rollup-linux-arm64-musl@4.60.1
811 silly packumentCache full:https://registry.npmjs.org/@rollup%2frollup-linux-arm64-musl cache-miss
812 http fetch GET 200 https://registry.npmjs.org/@esbuild%2flinux-riscv64 83ms (cache miss)
813 silly packumentCache full:https://registry.npmjs.org/@esbuild%2flinux-riscv64 set size:undefined disposed:false
814 silly fetch manifest @rollup/rollup-android-arm-eabi@4.60.1
815 silly packumentCache full:https://registry.npmjs.org/@rollup%2frollup-android-arm-eabi cache-miss
816 http fetch GET 200 https://registry.npmjs.org/@esbuild%2fwin32-x64 272ms (cache miss)
817 silly packumentCache full:https://registry.npmjs.org/@esbuild%2fwin32-x64 set size:undefined disposed:false
818 silly fetch manifest @rollup/rollup-linux-arm-gnueabihf@4.60.1
819 silly packumentCache full:https://registry.npmjs.org/@rollup%2frollup-linux-arm-gnueabihf cache-miss
820 http fetch GET 200 https://registry.npmjs.org/@esbuild%2flinux-s390x 274ms (cache miss)
821 silly packumentCache full:https://registry.npmjs.org/@esbuild%2flinux-s390x set size:undefined disposed:false
822 silly fetch manifest @rollup/rollup-linux-arm-musleabihf@4.60.1
823 silly packumentCache full:https://registry.npmjs.org/@rollup%2frollup-linux-arm-musleabihf cache-miss
824 http fetch GET 200 https://registry.npmjs.org/@esbuild%2flinux-arm 296ms (cache miss)
825 silly packumentCache full:https://registry.npmjs.org/@esbuild%2flinux-arm set size:undefined disposed:false
826 silly fetch manifest @rollup/rollup-win32-ia32-msvc@4.60.1
827 silly packumentCache full:https://registry.npmjs.org/@rollup%2frollup-win32-ia32-msvc cache-miss
828 http fetch GET 200 https://registry.npmjs.org/@esbuild%2fopenbsd-x64 251ms (cache miss)
829 silly packumentCache full:https://registry.npmjs.org/@esbuild%2fopenbsd-x64 set size:undefined disposed:false
830 silly fetch manifest @rollup/rollup-linux-loong64-gnu@4.60.1
831 silly packumentCache full:https://registry.npmjs.org/@rollup%2frollup-linux-loong64-gnu cache-miss
832 http fetch GET 200 https://registry.npmjs.org/@esbuild%2fnetbsd-x64 321ms (cache miss)
833 silly packumentCache full:https://registry.npmjs.org/@esbuild%2fnetbsd-x64 set size:undefined disposed:false
834 silly fetch manifest @rollup/rollup-linux-loong64-musl@4.60.1
835 silly packumentCache full:https://registry.npmjs.org/@rollup%2frollup-linux-loong64-musl cache-miss
836 http fetch GET 200 https://registry.npmjs.org/@esbuild%2fwin32-arm64 260ms (cache miss)
837 silly packumentCache full:https://registry.npmjs.org/@esbuild%2fwin32-arm64 set size:undefined disposed:false
838 silly fetch manifest @rollup/rollup-linux-riscv64-gnu@4.60.1
839 silly packumentCache full:https://registry.npmjs.org/@rollup%2frollup-linux-riscv64-gnu cache-miss
840 http fetch GET 200 https://registry.npmjs.org/@types%2festree 257ms (cache miss)
841 silly packumentCache full:https://registry.npmjs.org/@types%2festree set size:undefined disposed:false
842 silly fetch manifest @rollup/rollup-linux-riscv64-musl@4.60.1
843 silly packumentCache full:https://registry.npmjs.org/@rollup%2frollup-linux-riscv64-musl cache-miss
844 http fetch GET 200 https://registry.npmjs.org/@esbuild%2flinux-ppc64 461ms (cache miss)
845 silly packumentCache full:https://registry.npmjs.org/@esbuild%2flinux-ppc64 set size:undefined disposed:false
846 silly fetch manifest @rollup/rollup-linux-ppc64-gnu@4.60.1
847 silly packumentCache full:https://registry.npmjs.org/@rollup%2frollup-linux-ppc64-gnu cache-miss
848 http fetch GET 200 https://registry.npmjs.org/@rollup%2frollup-android-arm-eabi 312ms (cache miss)
849 silly packumentCache full:https://registry.npmjs.org/@rollup%2frollup-android-arm-eabi set size:undefined disposed:false
850 silly fetch manifest @rollup/rollup-linux-ppc64-musl@4.60.1
851 silly packumentCache full:https://registry.npmjs.org/@rollup%2frollup-linux-ppc64-musl cache-miss
852 http fetch GET 200 https://registry.npmjs.org/@rollup%2frollup-win32-ia32-msvc 321ms (cache miss)
853 silly packumentCache full:https://registry.npmjs.org/@rollup%2frollup-win32-ia32-msvc set size:undefined disposed:false
854 silly fetch manifest @rollup/rollup-linux-s390x-gnu@4.60.1
855 silly packumentCache full:https://registry.npmjs.org/@rollup%2frollup-linux-s390x-gnu cache-miss
856 http fetch GET 200 https://registry.npmjs.org/@rollup%2frollup-linux-riscv64-musl 319ms (cache miss)
857 silly packumentCache full:https://registry.npmjs.org/@rollup%2frollup-linux-riscv64-musl set size:undefined disposed:false
858 silly fetch manifest @rollup/rollup-darwin-x64@4.60.1
859 silly packumentCache full:https://registry.npmjs.org/@rollup%2frollup-darwin-x64 cache-miss
860 http fetch GET 200 https://registry.npmjs.org/@rollup%2frollup-freebsd-arm64 523ms (cache miss)
861 silly packumentCache full:https://registry.npmjs.org/@rollup%2frollup-freebsd-arm64 set size:undefined disposed:false
862 silly fetch manifest @rollup/rollup-win32-x64-gnu@4.60.1
863 silly packumentCache full:https://registry.npmjs.org/@rollup%2frollup-win32-x64-gnu cache-miss
864 http fetch GET 200 https://registry.npmjs.org/@rollup%2frollup-android-arm64 614ms (cache miss)
865 silly packumentCache full:https://registry.npmjs.org/@rollup%2frollup-android-arm64 set size:undefined disposed:false
866 silly fetch manifest @rollup/rollup-win32-x64-msvc@4.60.1
867 silly packumentCache full:https://registry.npmjs.org/@rollup%2frollup-win32-x64-msvc cache-miss
868 http fetch GET 200 https://registry.npmjs.org/@rollup%2frollup-linux-arm-gnueabihf 525ms (cache miss)
869 silly packumentCache full:https://registry.npmjs.org/@rollup%2frollup-linux-arm-gnueabihf set size:undefined disposed:false
870 silly fetch manifest @rollup/rollup-freebsd-x64@4.60.1
871 silly packumentCache full:https://registry.npmjs.org/@rollup%2frollup-freebsd-x64 cache-miss
872 http fetch GET 200 https://registry.npmjs.org/@rollup%2frollup-linux-loong64-gnu 506ms (cache miss)
873 silly packumentCache full:https://registry.npmjs.org/@rollup%2frollup-linux-loong64-gnu set size:undefined disposed:false
874 silly fetch manifest @rollup/rollup-linux-x64-gnu@4.60.1
875 silly packumentCache full:https://registry.npmjs.org/@rollup%2frollup-linux-x64-gnu cache-miss
876 http fetch GET 200 https://registry.npmjs.org/@rollup%2frollup-linux-x64-gnu 55ms (cache miss)
877 silly packumentCache full:https://registry.npmjs.org/@rollup%2frollup-linux-x64-gnu set size:undefined disposed:false
878 silly fetch manifest @rollup/rollup-linux-x64-musl@4.60.1
879 silly packumentCache full:https://registry.npmjs.org/@rollup%2frollup-linux-x64-musl cache-miss
880 http fetch GET 200 https://registry.npmjs.org/@rollup%2frollup-win32-arm64-msvc 756ms (cache miss)
881 silly packumentCache full:https://registry.npmjs.org/@rollup%2frollup-win32-arm64-msvc set size:undefined disposed:false
882 silly fetch manifest @rollup/rollup-openbsd-x64@4.60.1
883 silly packumentCache full:https://registry.npmjs.org/@rollup%2frollup-openbsd-x64 cache-miss
884 http fetch GET 200 https://registry.npmjs.org/@rollup%2frollup-linux-loong64-musl 571ms (cache miss)
885 silly packumentCache full:https://registry.npmjs.org/@rollup%2frollup-linux-loong64-musl set size:undefined disposed:false
886 silly fetch manifest @rollup/rollup-openharmony-arm64@4.60.1
887 silly packumentCache full:https://registry.npmjs.org/@rollup%2frollup-openharmony-arm64 cache-miss
888 http fetch GET 200 https://registry.npmjs.org/@rollup%2frollup-linux-arm-musleabihf 738ms (cache miss)
889 silly packumentCache full:https://registry.npmjs.org/@rollup%2frollup-linux-arm-musleabihf set size:undefined disposed:false
890 http fetch GET 200 https://registry.npmjs.org/@rollup%2frollup-linux-riscv64-gnu 710ms (cache miss)
891 silly packumentCache full:https://registry.npmjs.org/@rollup%2frollup-linux-riscv64-gnu set size:undefined disposed:false
892 http fetch GET 200 https://registry.npmjs.org/@rollup%2frollup-win32-x64-msvc 417ms (cache miss)
893 silly packumentCache full:https://registry.npmjs.org/@rollup%2frollup-win32-x64-msvc set size:undefined disposed:false
894 http fetch GET 200 https://registry.npmjs.org/@rollup%2frollup-linux-s390x-gnu 540ms (cache miss)
895 silly packumentCache full:https://registry.npmjs.org/@rollup%2frollup-linux-s390x-gnu set size:undefined disposed:false
896 http fetch GET 200 https://registry.npmjs.org/@rollup%2frollup-linux-ppc64-gnu 705ms (cache miss)
897 silly packumentCache full:https://registry.npmjs.org/@rollup%2frollup-linux-ppc64-gnu set size:undefined disposed:false
898 http fetch GET 200 https://registry.npmjs.org/@rollup%2frollup-darwin-x64 523ms (cache miss)
899 silly packumentCache full:https://registry.npmjs.org/@rollup%2frollup-darwin-x64 set size:undefined disposed:false
900 http fetch GET 200 https://registry.npmjs.org/@rollup%2frollup-linux-ppc64-musl 716ms (cache miss)
901 silly packumentCache full:https://registry.npmjs.org/@rollup%2frollup-linux-ppc64-musl set size:undefined disposed:false
902 http fetch GET 200 https://registry.npmjs.org/@rollup%2frollup-darwin-arm64 1121ms (cache miss)
903 silly packumentCache full:https://registry.npmjs.org/@rollup%2frollup-darwin-arm64 set size:undefined disposed:false
904 http fetch GET 200 https://registry.npmjs.org/@rollup%2frollup-linux-arm64-gnu 1129ms (cache miss)
905 silly packumentCache full:https://registry.npmjs.org/@rollup%2frollup-linux-arm64-gnu set size:undefined disposed:false
906 http fetch GET 200 https://registry.npmjs.org/@rollup%2frollup-linux-arm64-musl 1127ms (cache miss)
907 silly packumentCache full:https://registry.npmjs.org/@rollup%2frollup-linux-arm64-musl set size:undefined disposed:false
908 http fetch GET 200 https://registry.npmjs.org/@rollup%2frollup-win32-x64-gnu 619ms (cache miss)
909 silly packumentCache full:https://registry.npmjs.org/@rollup%2frollup-win32-x64-gnu set size:undefined disposed:false
910 http fetch GET 200 https://registry.npmjs.org/@rollup%2frollup-linux-x64-musl 505ms (cache miss)
911 silly packumentCache full:https://registry.npmjs.org/@rollup%2frollup-linux-x64-musl set size:undefined disposed:false
912 http fetch GET 200 https://registry.npmjs.org/@rollup%2frollup-openharmony-arm64 616ms (cache miss)
913 silly packumentCache full:https://registry.npmjs.org/@rollup%2frollup-openharmony-arm64 set size:undefined disposed:false
914 http fetch GET 200 https://registry.npmjs.org/@rollup%2frollup-freebsd-x64 712ms (cache miss)
915 silly packumentCache full:https://registry.npmjs.org/@rollup%2frollup-freebsd-x64 set size:undefined disposed:false
916 http fetch GET 200 https://registry.npmjs.org/@rollup%2frollup-openbsd-x64 1479ms (cache miss)
917 silly packumentCache full:https://registry.npmjs.org/@rollup%2frollup-openbsd-x64 set size:undefined disposed:false
918 silly placeDep ROOT @esbuild/aix-ppc64@0.21.5 OK for: esbuild@0.21.5 want: 0.21.5
919 silly placeDep ROOT @esbuild/android-arm@0.21.5 OK for: esbuild@0.21.5 want: 0.21.5
920 silly placeDep ROOT @esbuild/android-arm64@0.21.5 OK for: esbuild@0.21.5 want: 0.21.5
921 silly placeDep ROOT @esbuild/android-x64@0.21.5 OK for: esbuild@0.21.5 want: 0.21.5
922 silly placeDep ROOT @esbuild/darwin-arm64@0.21.5 OK for: esbuild@0.21.5 want: 0.21.5
923 silly placeDep ROOT @esbuild/darwin-x64@0.21.5 OK for: esbuild@0.21.5 want: 0.21.5
924 silly placeDep ROOT @esbuild/freebsd-arm64@0.21.5 OK for: esbuild@0.21.5 want: 0.21.5
925 silly placeDep ROOT @esbuild/freebsd-x64@0.21.5 OK for: esbuild@0.21.5 want: 0.21.5
926 silly placeDep ROOT @esbuild/linux-arm@0.21.5 OK for: esbuild@0.21.5 want: 0.21.5
927 silly placeDep ROOT @esbuild/linux-arm64@0.21.5 OK for: esbuild@0.21.5 want: 0.21.5
928 silly placeDep ROOT @esbuild/linux-ia32@0.21.5 OK for: esbuild@0.21.5 want: 0.21.5
929 silly placeDep ROOT @esbuild/linux-loong64@0.21.5 OK for: esbuild@0.21.5 want: 0.21.5
930 silly placeDep ROOT @esbuild/linux-mips64el@0.21.5 OK for: esbuild@0.21.5 want: 0.21.5
931 silly placeDep ROOT @esbuild/linux-ppc64@0.21.5 OK for: esbuild@0.21.5 want: 0.21.5
932 silly placeDep ROOT @esbuild/linux-riscv64@0.21.5 OK for: esbuild@0.21.5 want: 0.21.5
933 silly placeDep ROOT @esbuild/linux-s390x@0.21.5 OK for: esbuild@0.21.5 want: 0.21.5
934 silly placeDep ROOT @esbuild/linux-x64@0.21.5 OK for: esbuild@0.21.5 want: 0.21.5
935 silly placeDep ROOT @esbuild/netbsd-x64@0.21.5 OK for: esbuild@0.21.5 want: 0.21.5
936 silly placeDep ROOT @esbuild/openbsd-x64@0.21.5 OK for: esbuild@0.21.5 want: 0.21.5
937 silly placeDep ROOT @esbuild/sunos-x64@0.21.5 OK for: esbuild@0.21.5 want: 0.21.5
938 silly placeDep ROOT @esbuild/win32-arm64@0.21.5 OK for: esbuild@0.21.5 want: 0.21.5
939 silly placeDep ROOT @esbuild/win32-ia32@0.21.5 OK for: esbuild@0.21.5 want: 0.21.5
940 silly placeDep ROOT @esbuild/win32-x64@0.21.5 OK for: esbuild@0.21.5 want: 0.21.5
941 silly placeDep ROOT @rollup/rollup-android-arm-eabi@4.60.1 OK for: rollup@4.60.1 want: 4.60.1
942 silly placeDep ROOT @rollup/rollup-android-arm64@4.60.1 OK for: rollup@4.60.1 want: 4.60.1
943 silly placeDep ROOT @rollup/rollup-darwin-arm64@4.60.1 OK for: rollup@4.60.1 want: 4.60.1
944 silly placeDep ROOT @rollup/rollup-darwin-x64@4.60.1 OK for: rollup@4.60.1 want: 4.60.1
945 silly placeDep ROOT @rollup/rollup-freebsd-arm64@4.60.1 OK for: rollup@4.60.1 want: 4.60.1
946 silly placeDep ROOT @rollup/rollup-freebsd-x64@4.60.1 OK for: rollup@4.60.1 want: 4.60.1
947 silly placeDep ROOT @rollup/rollup-linux-arm-gnueabihf@4.60.1 OK for: rollup@4.60.1 want: 4.60.1
948 silly placeDep ROOT @rollup/rollup-linux-arm-musleabihf@4.60.1 OK for: rollup@4.60.1 want: 4.60.1
949 silly placeDep ROOT @rollup/rollup-linux-arm64-gnu@4.60.1 OK for: rollup@4.60.1 want: 4.60.1
950 silly placeDep ROOT @rollup/rollup-linux-arm64-musl@4.60.1 OK for: rollup@4.60.1 want: 4.60.1
951 silly placeDep ROOT @rollup/rollup-linux-loong64-gnu@4.60.1 OK for: rollup@4.60.1 want: 4.60.1
952 silly placeDep ROOT @rollup/rollup-linux-loong64-musl@4.60.1 OK for: rollup@4.60.1 want: 4.60.1
953 silly placeDep ROOT @rollup/rollup-linux-ppc64-gnu@4.60.1 OK for: rollup@4.60.1 want: 4.60.1
954 silly placeDep ROOT @rollup/rollup-linux-ppc64-musl@4.60.1 OK for: rollup@4.60.1 want: 4.60.1
955 silly placeDep ROOT @rollup/rollup-linux-riscv64-gnu@4.60.1 OK for: rollup@4.60.1 want: 4.60.1
956 silly placeDep ROOT @rollup/rollup-linux-riscv64-musl@4.60.1 OK for: rollup@4.60.1 want: 4.60.1
957 silly placeDep ROOT @rollup/rollup-linux-s390x-gnu@4.60.1 OK for: rollup@4.60.1 want: 4.60.1
958 silly placeDep ROOT @rollup/rollup-linux-x64-gnu@4.60.1 OK for: rollup@4.60.1 want: 4.60.1
959 silly placeDep ROOT @rollup/rollup-linux-x64-musl@4.60.1 OK for: rollup@4.60.1 want: 4.60.1
960 silly placeDep ROOT @rollup/rollup-openbsd-x64@4.60.1 OK for: rollup@4.60.1 want: 4.60.1
961 silly placeDep ROOT @rollup/rollup-openharmony-arm64@4.60.1 OK for: rollup@4.60.1 want: 4.60.1
962 silly placeDep ROOT @rollup/rollup-win32-arm64-msvc@4.60.1 OK for: rollup@4.60.1 want: 4.60.1
963 silly placeDep ROOT @rollup/rollup-win32-ia32-msvc@4.60.1 OK for: rollup@4.60.1 want: 4.60.1
964 silly placeDep ROOT @rollup/rollup-win32-x64-gnu@4.60.1 OK for: rollup@4.60.1 want: 4.60.1
965 silly placeDep ROOT @rollup/rollup-win32-x64-msvc@4.60.1 OK for: rollup@4.60.1 want: 4.60.1
966 silly placeDep ROOT @types/estree@1.0.8 OK for: rollup@4.60.1 want: 1.0.8
967 silly reify moves {}
968 silly audit bulk request {
968 silly audit   '@types/react': [ '18.3.28' ],
968 silly audit   '@types/react-dom': [ '18.3.7' ],
968 silly audit   '@vitejs/plugin-react-swc': [ '3.11.0' ],
968 silly audit   vite: [ '5.4.21' ],
968 silly audit   autoprefixer: [ '10.5.0' ],
968 silly audit   postcss: [ '8.5.10' ],
968 silly audit   'class-variance-authority': [ '0.7.1' ],
968 silly audit   clsx: [ '2.1.1' ],
968 silly audit   'framer-motion': [ '11.18.2' ],
968 silly audit   'lucide-react': [ '0.468.0' ],
968 silly audit   react: [ '18.3.1' ],
968 silly audit   'react-dom': [ '18.3.1' ],
968 silly audit   'tailwind-merge': [ '2.6.1' ],
968 silly audit   tailwindcss: [ '3.4.19' ],
968 silly audit   typescript: [ '5.9.3' ],
968 silly audit   '@types/prop-types': [ '15.7.15' ],
968 silly audit   csstype: [ '3.2.3' ],
968 silly audit   '@rolldown/pluginutils': [ '1.0.0-beta.27' ],
968 silly audit   '@swc/core': [ '1.15.26' ],
968 silly audit   '@swc/core-darwin-arm64': [ '1.15.26' ],
968 silly audit   '@swc/core-darwin-x64': [ '1.15.26' ],
968 silly audit   '@swc/core-linux-arm-gnueabihf': [ '1.15.26' ],
968 silly audit   '@swc/core-linux-arm64-gnu': [ '1.15.26' ],
968 silly audit   '@swc/core-linux-arm64-musl': [ '1.15.26' ],
968 silly audit   '@swc/core-linux-ppc64-gnu': [ '1.15.26' ],
968 silly audit   '@swc/core-linux-s390x-gnu': [ '1.15.26' ],
968 silly audit   '@swc/core-linux-x64-gnu': [ '1.15.26' ],
968 silly audit   '@swc/core-linux-x64-musl': [ '1.15.26' ],
968 silly audit   '@swc/core-win32-arm64-msvc': [ '1.15.26' ],
968 silly audit   '@swc/core-win32-ia32-msvc': [ '1.15.26' ],
968 silly audit   '@swc/core-win32-x64-msvc': [ '1.15.26' ],
968 silly audit   '@swc/counter': [ '0.1.3' ],
968 silly audit   '@swc/types': [ '0.1.26' ],
968 silly audit   browserslist: [ '4.28.2' ],
968 silly audit   'caniuse-lite': [ '1.0.30001788' ],
968 silly audit   'fraction.js': [ '5.3.4' ],
968 silly audit   picocolors: [ '1.1.1' ],
968 silly audit   'postcss-value-parser': [ '4.2.0' ],
968 silly audit   'baseline-browser-mapping': [ '2.10.19' ],
968 silly audit   'electron-to-chromium': [ '1.5.340' ],
968 silly audit   'node-releases': [ '2.0.37' ],
968 silly audit   'update-browserslist-db': [ '1.2.3' ],
968 silly audit   'motion-dom': [ '11.18.1' ],
968 silly audit   'motion-utils': [ '11.18.1' ],
968 silly audit   tslib: [ '2.8.1' ],
968 silly audit   nanoid: [ '3.3.11' ],
968 silly audit   'source-map-js': [ '1.2.1' ],
968 silly audit   'loose-envify': [ '1.4.0' ],
968 silly audit   'js-tokens': [ '4.0.0' ],
968 silly audit   scheduler: [ '0.23.2' ],
968 silly audit   '@alloc/quick-lru': [ '5.2.0' ],
968 silly audit   arg: [ '5.0.2' ],
968 silly audit   chokidar: [ '3.6.0' ],
968 silly audit   didyoumean: [ '1.2.2' ],
968 silly audit   dlv: [ '1.1.3' ],
968 silly audit   'fast-glob': [ '3.3.3' ],
968 silly audit   'glob-parent': [ '6.0.2', '5.1.2' ],
968 silly audit   'is-glob': [ '4.0.3' ],
968 silly audit   jiti: [ '1.21.7' ],
968 silly audit   lilconfig: [ '3.1.3' ],
968 silly audit   micromatch: [ '4.0.8' ],
968 silly audit   'normalize-path': [ '3.0.0' ],
968 silly audit   'object-hash': [ '3.0.0' ],
968 silly audit   'postcss-import': [ '15.1.0' ],
968 silly audit   'postcss-js': [ '4.1.0' ],
968 silly audit   'postcss-load-config': [ '6.0.1' ],
968 silly audit   'postcss-nested': [ '6.2.0' ],
968 silly audit   'postcss-selector-parser': [ '6.1.2' ],
968 silly audit   resolve: [ '1.22.12' ],
968 silly audit   sucrase: [ '3.35.1' ],
968 silly audit   anymatch: [ '3.1.3' ],
968 silly audit   braces: [ '3.0.3' ],
968 silly audit   fsevents: [ '2.3.3' ],
968 silly audit   'is-binary-path': [ '2.1.0' ],
968 silly audit   readdirp: [ '3.6.0' ],
968 silly audit   picomatch: [ '2.3.2', '4.0.4' ],
968 silly audit   'fill-range': [ '7.1.1' ],
968 silly audit   '@nodelib/fs.stat': [ '2.0.5' ],
968 silly audit   '@nodelib/fs.walk': [ '1.2.8' ],
968 silly audit   merge2: [ '1.4.1' ],
968 silly audit   '@nodelib/fs.scandir': [ '2.1.5' ],
968 silly audit   fastq: [ '1.20.1' ],
968 silly audit   'run-parallel': [ '1.2.0' ],
968 silly audit   reusify: [ '1.1.0' ],
968 silly audit   'to-regex-range': [ '5.0.1' ],
968 silly audit   'binary-extensions': [ '2.3.0' ],
968 silly audit   'is-extglob': [ '2.1.1' ],
968 silly audit   'read-cache': [ '1.0.0' ],
968 silly audit   'camelcase-css': [ '2.0.1' ],
968 silly audit   cssesc: [ '3.0.0' ],
968 silly audit   'util-deprecate': [ '1.0.2' ],
968 silly audit   pify: [ '2.3.0' ],
968 silly audit   'es-errors': [ '1.3.0' ],
968 silly audit   'is-core-module': [ '2.16.1' ],
968 silly audit   'path-parse': [ '1.0.7' ],
968 silly audit   'supports-preserve-symlinks-flag': [ '1.0.0' ],
968 silly audit   hasown: [ '2.0.2' ],
968 silly audit   'function-bind': [ '1.1.2' ],
968 silly audit   'queue-microtask': [ '1.2.3' ],
968 silly audit   '@jridgewell/gen-mapping': [ '0.3.13' ],
968 silly audit   commander: [ '4.1.1' ],
968 silly audit   'lines-and-columns': [ '1.2.4' ],
968 silly audit   mz: [ '2.7.0' ],
968 silly audit   pirates: [ '4.0.7' ],
968 silly audit   tinyglobby: [ '0.2.16' ],
968 silly audit   'ts-interface-checker': [ '0.1.13' ],
968 silly audit   '@jridgewell/sourcemap-codec': [ '1.5.5' ],
968 silly audit   '@jridgewell/trace-mapping': [ '0.3.31' ],
968 silly audit   '@jridgewell/resolve-uri': [ '3.1.2' ],
968 silly audit   'any-promise': [ '1.3.0' ],
968 silly audit   'object-assign': [ '4.1.1' ],
968 silly audit   'thenify-all': [ '1.6.0' ],
968 silly audit   thenify: [ '3.3.1' ],
968 silly audit   fdir: [ '6.5.0' ],
968 silly audit   'is-number': [ '7.0.0' ],
968 silly audit   escalade: [ '3.2.0' ],
968 silly audit   esbuild: [ '0.21.5' ],
968 silly audit   rollup: [ '4.60.1' ],
968 silly audit   '@esbuild/aix-ppc64': [ '0.21.5' ],
968 silly audit   '@esbuild/android-arm': [ '0.21.5' ],
968 silly audit   '@esbuild/android-arm64': [ '0.21.5' ],
968 silly audit   '@esbuild/android-x64': [ '0.21.5' ],
968 silly audit   '@esbuild/darwin-arm64': [ '0.21.5' ],
968 silly audit   '@esbuild/darwin-x64': [ '0.21.5' ],
968 silly audit   '@esbuild/freebsd-arm64': [ '0.21.5' ],
968 silly audit   '@esbuild/freebsd-x64': [ '0.21.5' ],
968 silly audit   '@esbuild/linux-arm': [ '0.21.5' ],
968 silly audit   '@esbuild/linux-arm64': [ '0.21.5' ],
968 silly audit   '@esbuild/linux-ia32': [ '0.21.5' ],
968 silly audit   '@esbuild/linux-loong64': [ '0.21.5' ],
968 silly audit   '@esbuild/linux-mips64el': [ '0.21.5' ],
968 silly audit   '@esbuild/linux-ppc64': [ '0.21.5' ],
968 silly audit   '@esbuild/linux-riscv64': [ '0.21.5' ],
968 silly audit   '@esbuild/linux-s390x': [ '0.21.5' ],
968 silly audit   '@esbuild/linux-x64': [ '0.21.5' ],
968 silly audit   '@esbuild/netbsd-x64': [ '0.21.5' ],
968 silly audit   '@esbuild/openbsd-x64': [ '0.21.5' ],
968 silly audit   '@esbuild/sunos-x64': [ '0.21.5' ],
968 silly audit   '@esbuild/win32-arm64': [ '0.21.5' ],
968 silly audit   '@esbuild/win32-ia32': [ '0.21.5' ],
968 silly audit   '@esbuild/win32-x64': [ '0.21.5' ],
968 silly audit   '@rollup/rollup-android-arm-eabi': [ '4.60.1' ],
968 silly audit   '@rollup/rollup-android-arm64': [ '4.60.1' ],
968 silly audit   '@rollup/rollup-darwin-arm64': [ '4.60.1' ],
968 silly audit   '@rollup/rollup-darwin-x64': [ '4.60.1' ],
968 silly audit   '@rollup/rollup-freebsd-arm64': [ '4.60.1' ],
968 silly audit   '@rollup/rollup-freebsd-x64': [ '4.60.1' ],
968 silly audit   '@rollup/rollup-linux-arm-gnueabihf': [ '4.60.1' ],
968 silly audit   '@rollup/rollup-linux-arm-musleabihf': [ '4.60.1' ],
968 silly audit   '@rollup/rollup-linux-arm64-gnu': [ '4.60.1' ],
968 silly audit   '@rollup/rollup-linux-arm64-musl': [ '4.60.1' ],
968 silly audit   '@rollup/rollup-linux-loong64-gnu': [ '4.60.1' ],
968 silly audit   '@rollup/rollup-linux-loong64-musl': [ '4.60.1' ],
968 silly audit   '@rollup/rollup-linux-ppc64-gnu': [ '4.60.1' ],
968 silly audit   '@rollup/rollup-linux-ppc64-musl': [ '4.60.1' ],
968 silly audit   '@rollup/rollup-linux-riscv64-gnu': [ '4.60.1' ],
968 silly audit   '@rollup/rollup-linux-riscv64-musl': [ '4.60.1' ],
968 silly audit   '@rollup/rollup-linux-s390x-gnu': [ '4.60.1' ],
968 silly audit   '@rollup/rollup-linux-x64-gnu': [ '4.60.1' ],
968 silly audit   '@rollup/rollup-linux-x64-musl': [ '4.60.1' ],
968 silly audit   '@rollup/rollup-openbsd-x64': [ '4.60.1' ],
968 silly audit   '@rollup/rollup-openharmony-arm64': [ '4.60.1' ],
968 silly audit   '@rollup/rollup-win32-arm64-msvc': [ '4.60.1' ],
968 silly audit   '@rollup/rollup-win32-ia32-msvc': [ '4.60.1' ],
968 silly audit   '@rollup/rollup-win32-x64-gnu': [ '4.60.1' ],
968 silly audit   '@rollup/rollup-win32-x64-msvc': [ '4.60.1' ],
968 silly audit   '@types/estree': [ '1.0.8' ]
968 silly audit }
969 verbose reify failed optional dependency C:\Users\kanal\OneDrive\Рабочий стол\Quokka\frontend\node_modules\@rollup\rollup-win32-ia32-msvc
970 silly reify mark deleted [
970 silly reify   'C:\\Users\\kanal\\OneDrive\\Рабочий стол\\Quokka\\frontend\\node_modules\\@rollup\\rollup-win32-ia32-msvc'
970 silly reify ]
971 verbose reify failed optional dependency C:\Users\kanal\OneDrive\Рабочий стол\Quokka\frontend\node_modules\@rollup\rollup-win32-arm64-msvc
972 silly reify mark deleted [
972 silly reify   'C:\\Users\\kanal\\OneDrive\\Рабочий стол\\Quokka\\frontend\\node_modules\\@rollup\\rollup-win32-arm64-msvc'
972 silly reify ]
973 verbose reify failed optional dependency C:\Users\kanal\OneDrive\Рабочий стол\Quokka\frontend\node_modules\@rollup\rollup-openharmony-arm64
974 silly reify mark deleted [
974 silly reify   'C:\\Users\\kanal\\OneDrive\\Рабочий стол\\Quokka\\frontend\\node_modules\\@rollup\\rollup-openharmony-arm64'
974 silly reify ]
975 verbose reify failed optional dependency C:\Users\kanal\OneDrive\Рабочий стол\Quokka\frontend\node_modules\@rollup\rollup-openbsd-x64
976 silly reify mark deleted [
976 silly reify   'C:\\Users\\kanal\\OneDrive\\Рабочий стол\\Quokka\\frontend\\node_modules\\@rollup\\rollup-openbsd-x64'
976 silly reify ]
977 verbose reify failed optional dependency C:\Users\kanal\OneDrive\Рабочий стол\Quokka\frontend\node_modules\@rollup\rollup-linux-x64-musl
978 silly reify mark deleted [
978 silly reify   'C:\\Users\\kanal\\OneDrive\\Рабочий стол\\Quokka\\frontend\\node_modules\\@rollup\\rollup-linux-x64-musl'
978 silly reify ]
979 verbose reify failed optional dependency C:\Users\kanal\OneDrive\Рабочий стол\Quokka\frontend\node_modules\@rollup\rollup-linux-x64-gnu
980 silly reify mark deleted [
980 silly reify   'C:\\Users\\kanal\\OneDrive\\Рабочий стол\\Quokka\\frontend\\node_modules\\@rollup\\rollup-linux-x64-gnu'
980 silly reify ]
981 verbose reify failed optional dependency C:\Users\kanal\OneDrive\Рабочий стол\Quokka\frontend\node_modules\@rollup\rollup-linux-s390x-gnu
982 silly reify mark deleted [
982 silly reify   'C:\\Users\\kanal\\OneDrive\\Рабочий стол\\Quokka\\frontend\\node_modules\\@rollup\\rollup-linux-s390x-gnu'
982 silly reify ]
983 verbose reify failed optional dependency C:\Users\kanal\OneDrive\Рабочий стол\Quokka\frontend\node_modules\@rollup\rollup-linux-riscv64-musl
984 silly reify mark deleted [
984 silly reify   'C:\\Users\\kanal\\OneDrive\\Рабочий стол\\Quokka\\frontend\\node_modules\\@rollup\\rollup-linux-riscv64-musl'
984 silly reify ]
985 verbose reify failed optional dependency C:\Users\kanal\OneDrive\Рабочий стол\Quokka\frontend\node_modules\@rollup\rollup-linux-riscv64-gnu
986 silly reify mark deleted [
986 silly reify   'C:\\Users\\kanal\\OneDrive\\Рабочий стол\\Quokka\\frontend\\node_modules\\@rollup\\rollup-linux-riscv64-gnu'
986 silly reify ]
987 verbose reify failed optional dependency C:\Users\kanal\OneDrive\Рабочий стол\Quokka\frontend\node_modules\@rollup\rollup-linux-ppc64-musl
988 silly reify mark deleted [
988 silly reify   'C:\\Users\\kanal\\OneDrive\\Рабочий стол\\Quokka\\frontend\\node_modules\\@rollup\\rollup-linux-ppc64-musl'
988 silly reify ]
989 verbose reify failed optional dependency C:\Users\kanal\OneDrive\Рабочий стол\Quokka\frontend\node_modules\@rollup\rollup-linux-ppc64-gnu
990 silly reify mark deleted [
990 silly reify   'C:\\Users\\kanal\\OneDrive\\Рабочий стол\\Quokka\\frontend\\node_modules\\@rollup\\rollup-linux-ppc64-gnu'
990 silly reify ]
991 verbose reify failed optional dependency C:\Users\kanal\OneDrive\Рабочий стол\Quokka\frontend\node_modules\@rollup\rollup-linux-loong64-musl
992 silly reify mark deleted [
992 silly reify   'C:\\Users\\kanal\\OneDrive\\Рабочий стол\\Quokka\\frontend\\node_modules\\@rollup\\rollup-linux-loong64-musl'
992 silly reify ]
993 verbose reify failed optional dependency C:\Users\kanal\OneDrive\Рабочий стол\Quokka\frontend\node_modules\@rollup\rollup-linux-loong64-gnu
994 silly reify mark deleted [
994 silly reify   'C:\\Users\\kanal\\OneDrive\\Рабочий стол\\Quokka\\frontend\\node_modules\\@rollup\\rollup-linux-loong64-gnu'
994 silly reify ]
995 verbose reify failed optional dependency C:\Users\kanal\OneDrive\Рабочий стол\Quokka\frontend\node_modules\@rollup\rollup-linux-arm64-musl
996 silly reify mark deleted [
996 silly reify   'C:\\Users\\kanal\\OneDrive\\Рабочий стол\\Quokka\\frontend\\node_modules\\@rollup\\rollup-linux-arm64-musl'
996 silly reify ]
997 verbose reify failed optional dependency C:\Users\kanal\OneDrive\Рабочий стол\Quokka\frontend\node_modules\@rollup\rollup-linux-arm64-gnu
998 silly reify mark deleted [
998 silly reify   'C:\\Users\\kanal\\OneDrive\\Рабочий стол\\Quokka\\frontend\\node_modules\\@rollup\\rollup-linux-arm64-gnu'
998 silly reify ]
999 verbose reify failed optional dependency C:\Users\kanal\OneDrive\Рабочий стол\Quokka\frontend\node_modules\@rollup\rollup-linux-arm-musleabihf
1000 silly reify mark deleted [
1000 silly reify   'C:\\Users\\kanal\\OneDrive\\Рабочий стол\\Quokka\\frontend\\node_modules\\@rollup\\rollup-linux-arm-musleabihf'
1000 silly reify ]
1001 verbose reify failed optional dependency C:\Users\kanal\OneDrive\Рабочий стол\Quokka\frontend\node_modules\@rollup\rollup-linux-arm-gnueabihf
1002 silly reify mark deleted [
1002 silly reify   'C:\\Users\\kanal\\OneDrive\\Рабочий стол\\Quokka\\frontend\\node_modules\\@rollup\\rollup-linux-arm-gnueabihf'
1002 silly reify ]
1003 verbose reify failed optional dependency C:\Users\kanal\OneDrive\Рабочий стол\Quokka\frontend\node_modules\@rollup\rollup-freebsd-x64
1004 silly reify mark deleted [
1004 silly reify   'C:\\Users\\kanal\\OneDrive\\Рабочий стол\\Quokka\\frontend\\node_modules\\@rollup\\rollup-freebsd-x64'
1004 silly reify ]
1005 verbose reify failed optional dependency C:\Users\kanal\OneDrive\Рабочий стол\Quokka\frontend\node_modules\@rollup\rollup-freebsd-arm64
1006 silly reify mark deleted [
1006 silly reify   'C:\\Users\\kanal\\OneDrive\\Рабочий стол\\Quokka\\frontend\\node_modules\\@rollup\\rollup-freebsd-arm64'
1006 silly reify ]
1007 verbose reify failed optional dependency C:\Users\kanal\OneDrive\Рабочий стол\Quokka\frontend\node_modules\@rollup\rollup-darwin-x64
1008 silly reify mark deleted [
1008 silly reify   'C:\\Users\\kanal\\OneDrive\\Рабочий стол\\Quokka\\frontend\\node_modules\\@rollup\\rollup-darwin-x64'
1008 silly reify ]
1009 verbose reify failed optional dependency C:\Users\kanal\OneDrive\Рабочий стол\Quokka\frontend\node_modules\@rollup\rollup-darwin-arm64
1010 silly reify mark deleted [
1010 silly reify   'C:\\Users\\kanal\\OneDrive\\Рабочий стол\\Quokka\\frontend\\node_modules\\@rollup\\rollup-darwin-arm64'
1010 silly reify ]
1011 verbose reify failed optional dependency C:\Users\kanal\OneDrive\Рабочий стол\Quokka\frontend\node_modules\@rollup\rollup-android-arm64
1012 silly reify mark deleted [
1012 silly reify   'C:\\Users\\kanal\\OneDrive\\Рабочий стол\\Quokka\\frontend\\node_modules\\@rollup\\rollup-android-arm64'
1012 silly reify ]
1013 verbose reify failed optional dependency C:\Users\kanal\OneDrive\Рабочий стол\Quokka\frontend\node_modules\@rollup\rollup-android-arm-eabi
1014 silly reify mark deleted [
1014 silly reify   'C:\\Users\\kanal\\OneDrive\\Рабочий стол\\Quokka\\frontend\\node_modules\\@rollup\\rollup-android-arm-eabi'
1014 silly reify ]
1015 verbose reify failed optional dependency C:\Users\kanal\OneDrive\Рабочий стол\Quokka\frontend\node_modules\@esbuild\win32-ia32
1016 silly reify mark deleted [
1016 silly reify   'C:\\Users\\kanal\\OneDrive\\Рабочий стол\\Quokka\\frontend\\node_modules\\@esbuild\\win32-ia32'
1016 silly reify ]
1017 verbose reify failed optional dependency C:\Users\kanal\OneDrive\Рабочий стол\Quokka\frontend\node_modules\@esbuild\win32-arm64
1018 silly reify mark deleted [
1018 silly reify   'C:\\Users\\kanal\\OneDrive\\Рабочий стол\\Quokka\\frontend\\node_modules\\@esbuild\\win32-arm64'
1018 silly reify ]
1019 verbose reify failed optional dependency C:\Users\kanal\OneDrive\Рабочий стол\Quokka\frontend\node_modules\@esbuild\sunos-x64
1020 silly reify mark deleted [
1020 silly reify   'C:\\Users\\kanal\\OneDrive\\Рабочий стол\\Quokka\\frontend\\node_modules\\@esbuild\\sunos-x64'
1020 silly reify ]
1021 verbose reify failed optional dependency C:\Users\kanal\OneDrive\Рабочий стол\Quokka\frontend\node_modules\@esbuild\openbsd-x64
1022 silly reify mark deleted [
1022 silly reify   'C:\\Users\\kanal\\OneDrive\\Рабочий стол\\Quokka\\frontend\\node_modules\\@esbuild\\openbsd-x64'
1022 silly reify ]
1023 verbose reify failed optional dependency C:\Users\kanal\OneDrive\Рабочий стол\Quokka\frontend\node_modules\@esbuild\netbsd-x64
1024 silly reify mark deleted [
1024 silly reify   'C:\\Users\\kanal\\OneDrive\\Рабочий стол\\Quokka\\frontend\\node_modules\\@esbuild\\netbsd-x64'
1024 silly reify ]
1025 verbose reify failed optional dependency C:\Users\kanal\OneDrive\Рабочий стол\Quokka\frontend\node_modules\@esbuild\linux-x64
1026 silly reify mark deleted [
1026 silly reify   'C:\\Users\\kanal\\OneDrive\\Рабочий стол\\Quokka\\frontend\\node_modules\\@esbuild\\linux-x64'
1026 silly reify ]
1027 verbose reify failed optional dependency C:\Users\kanal\OneDrive\Рабочий стол\Quokka\frontend\node_modules\@esbuild\linux-s390x
1028 silly reify mark deleted [
1028 silly reify   'C:\\Users\\kanal\\OneDrive\\Рабочий стол\\Quokka\\frontend\\node_modules\\@esbuild\\linux-s390x'
1028 silly reify ]
1029 verbose reify failed optional dependency C:\Users\kanal\OneDrive\Рабочий стол\Quokka\frontend\node_modules\@esbuild\linux-riscv64
1030 silly reify mark deleted [
1030 silly reify   'C:\\Users\\kanal\\OneDrive\\Рабочий стол\\Quokka\\frontend\\node_modules\\@esbuild\\linux-riscv64'
1030 silly reify ]
1031 verbose reify failed optional dependency C:\Users\kanal\OneDrive\Рабочий стол\Quokka\frontend\node_modules\@esbuild\linux-ppc64
1032 silly reify mark deleted [
1032 silly reify   'C:\\Users\\kanal\\OneDrive\\Рабочий стол\\Quokka\\frontend\\node_modules\\@esbuild\\linux-ppc64'
1032 silly reify ]
1033 verbose reify failed optional dependency C:\Users\kanal\OneDrive\Рабочий стол\Quokka\frontend\node_modules\@esbuild\linux-mips64el
1034 silly reify mark deleted [
1034 silly reify   'C:\\Users\\kanal\\OneDrive\\Рабочий стол\\Quokka\\frontend\\node_modules\\@esbuild\\linux-mips64el'
1034 silly reify ]
1035 verbose reify failed optional dependency C:\Users\kanal\OneDrive\Рабочий стол\Quokka\frontend\node_modules\@esbuild\linux-loong64
1036 silly reify mark deleted [
1036 silly reify   'C:\\Users\\kanal\\OneDrive\\Рабочий стол\\Quokka\\frontend\\node_modules\\@esbuild\\linux-loong64'
1036 silly reify ]
1037 verbose reify failed optional dependency C:\Users\kanal\OneDrive\Рабочий стол\Quokka\frontend\node_modules\@esbuild\linux-ia32
1038 silly reify mark deleted [
1038 silly reify   'C:\\Users\\kanal\\OneDrive\\Рабочий стол\\Quokka\\frontend\\node_modules\\@esbuild\\linux-ia32'
1038 silly reify ]
1039 verbose reify failed optional dependency C:\Users\kanal\OneDrive\Рабочий стол\Quokka\frontend\node_modules\@esbuild\linux-arm64
1040 silly reify mark deleted [
1040 silly reify   'C:\\Users\\kanal\\OneDrive\\Рабочий стол\\Quokka\\frontend\\node_modules\\@esbuild\\linux-arm64'
1040 silly reify ]
1041 verbose reify failed optional dependency C:\Users\kanal\OneDrive\Рабочий стол\Quokka\frontend\node_modules\@esbuild\linux-arm
1042 silly reify mark deleted [
1042 silly reify   'C:\\Users\\kanal\\OneDrive\\Рабочий стол\\Quokka\\frontend\\node_modules\\@esbuild\\linux-arm'
1042 silly reify ]
1043 verbose reify failed optional dependency C:\Users\kanal\OneDrive\Рабочий стол\Quokka\frontend\node_modules\@esbuild\freebsd-x64
1044 silly reify mark deleted [
1044 silly reify   'C:\\Users\\kanal\\OneDrive\\Рабочий стол\\Quokka\\frontend\\node_modules\\@esbuild\\freebsd-x64'
1044 silly reify ]
1045 verbose reify failed optional dependency C:\Users\kanal\OneDrive\Рабочий стол\Quokka\frontend\node_modules\@esbuild\freebsd-arm64
1046 silly reify mark deleted [
1046 silly reify   'C:\\Users\\kanal\\OneDrive\\Рабочий стол\\Quokka\\frontend\\node_modules\\@esbuild\\freebsd-arm64'
1046 silly reify ]
1047 verbose reify failed optional dependency C:\Users\kanal\OneDrive\Рабочий стол\Quokka\frontend\node_modules\@esbuild\darwin-x64
1048 silly reify mark deleted [
1048 silly reify   'C:\\Users\\kanal\\OneDrive\\Рабочий стол\\Quokka\\frontend\\node_modules\\@esbuild\\darwin-x64'
1048 silly reify ]
1049 verbose reify failed optional dependency C:\Users\kanal\OneDrive\Рабочий стол\Quokka\frontend\node_modules\@esbuild\darwin-arm64
1050 silly reify mark deleted [
1050 silly reify   'C:\\Users\\kanal\\OneDrive\\Рабочий стол\\Quokka\\frontend\\node_modules\\@esbuild\\darwin-arm64'
1050 silly reify ]
1051 verbose reify failed optional dependency C:\Users\kanal\OneDrive\Рабочий стол\Quokka\frontend\node_modules\@esbuild\android-x64
1052 silly reify mark deleted [
1052 silly reify   'C:\\Users\\kanal\\OneDrive\\Рабочий стол\\Quokka\\frontend\\node_modules\\@esbuild\\android-x64'
1052 silly reify ]
1053 verbose reify failed optional dependency C:\Users\kanal\OneDrive\Рабочий стол\Quokka\frontend\node_modules\@esbuild\android-arm64
1054 silly reify mark deleted [
1054 silly reify   'C:\\Users\\kanal\\OneDrive\\Рабочий стол\\Quokka\\frontend\\node_modules\\@esbuild\\android-arm64'
1054 silly reify ]
1055 verbose reify failed optional dependency C:\Users\kanal\OneDrive\Рабочий стол\Quokka\frontend\node_modules\@esbuild\android-arm
1056 silly reify mark deleted [
1056 silly reify   'C:\\Users\\kanal\\OneDrive\\Рабочий стол\\Quokka\\frontend\\node_modules\\@esbuild\\android-arm'
1056 silly reify ]
1057 verbose reify failed optional dependency C:\Users\kanal\OneDrive\Рабочий стол\Quokka\frontend\node_modules\@esbuild\aix-ppc64
1058 silly reify mark deleted [
1058 silly reify   'C:\\Users\\kanal\\OneDrive\\Рабочий стол\\Quokka\\frontend\\node_modules\\@esbuild\\aix-ppc64'
1058 silly reify ]
1059 verbose reify failed optional dependency C:\Users\kanal\OneDrive\Рабочий стол\Quokka\frontend\node_modules\fsevents
1060 silly reify mark deleted [
1060 silly reify   'C:\\Users\\kanal\\OneDrive\\Рабочий стол\\Quokka\\frontend\\node_modules\\fsevents'
1060 silly reify ]
1061 verbose reify failed optional dependency C:\Users\kanal\OneDrive\Рабочий стол\Quokka\frontend\node_modules\@swc\core-win32-ia32-msvc
1062 silly reify mark deleted [
1062 silly reify   'C:\\Users\\kanal\\OneDrive\\Рабочий стол\\Quokka\\frontend\\node_modules\\@swc\\core-win32-ia32-msvc'
1062 silly reify ]
1063 verbose reify failed optional dependency C:\Users\kanal\OneDrive\Рабочий стол\Quokka\frontend\node_modules\@swc\core-win32-arm64-msvc
1064 silly reify mark deleted [
1064 silly reify   'C:\\Users\\kanal\\OneDrive\\Рабочий стол\\Quokka\\frontend\\node_modules\\@swc\\core-win32-arm64-msvc'
1064 silly reify ]
1065 verbose reify failed optional dependency C:\Users\kanal\OneDrive\Рабочий стол\Quokka\frontend\node_modules\@swc\core-linux-x64-musl
1066 silly reify mark deleted [
1066 silly reify   'C:\\Users\\kanal\\OneDrive\\Рабочий стол\\Quokka\\frontend\\node_modules\\@swc\\core-linux-x64-musl'
1066 silly reify ]
1067 verbose reify failed optional dependency C:\Users\kanal\OneDrive\Рабочий стол\Quokka\frontend\node_modules\@swc\core-linux-x64-gnu
1068 silly reify mark deleted [
1068 silly reify   'C:\\Users\\kanal\\OneDrive\\Рабочий стол\\Quokka\\frontend\\node_modules\\@swc\\core-linux-x64-gnu'
1068 silly reify ]
1069 verbose reify failed optional dependency C:\Users\kanal\OneDrive\Рабочий стол\Quokka\frontend\node_modules\@swc\core-linux-s390x-gnu
1070 silly reify mark deleted [
1070 silly reify   'C:\\Users\\kanal\\OneDrive\\Рабочий стол\\Quokka\\frontend\\node_modules\\@swc\\core-linux-s390x-gnu'
1070 silly reify ]
1071 verbose reify failed optional dependency C:\Users\kanal\OneDrive\Рабочий стол\Quokka\frontend\node_modules\@swc\core-linux-ppc64-gnu
1072 silly reify mark deleted [
1072 silly reify   'C:\\Users\\kanal\\OneDrive\\Рабочий стол\\Quokka\\frontend\\node_modules\\@swc\\core-linux-ppc64-gnu'
1072 silly reify ]
1073 verbose reify failed optional dependency C:\Users\kanal\OneDrive\Рабочий стол\Quokka\frontend\node_modules\@swc\core-linux-arm64-musl
1074 silly reify mark deleted [
1074 silly reify   'C:\\Users\\kanal\\OneDrive\\Рабочий стол\\Quokka\\frontend\\node_modules\\@swc\\core-linux-arm64-musl'
1074 silly reify ]
1075 verbose reify failed optional dependency C:\Users\kanal\OneDrive\Рабочий стол\Quokka\frontend\node_modules\@swc\core-linux-arm64-gnu
1076 silly reify mark deleted [
1076 silly reify   'C:\\Users\\kanal\\OneDrive\\Рабочий стол\\Quokka\\frontend\\node_modules\\@swc\\core-linux-arm64-gnu'
1076 silly reify ]
1077 verbose reify failed optional dependency C:\Users\kanal\OneDrive\Рабочий стол\Quokka\frontend\node_modules\@swc\core-linux-arm-gnueabihf
1078 silly reify mark deleted [
1078 silly reify   'C:\\Users\\kanal\\OneDrive\\Рабочий стол\\Quokka\\frontend\\node_modules\\@swc\\core-linux-arm-gnueabihf'
1078 silly reify ]
1079 verbose reify failed optional dependency C:\Users\kanal\OneDrive\Рабочий стол\Quokka\frontend\node_modules\@swc\core-darwin-x64
1080 silly reify mark deleted [
1080 silly reify   'C:\\Users\\kanal\\OneDrive\\Рабочий стол\\Quokka\\frontend\\node_modules\\@swc\\core-darwin-x64'
1080 silly reify ]
1081 verbose reify failed optional dependency C:\Users\kanal\OneDrive\Рабочий стол\Quokka\frontend\node_modules\@swc\core-darwin-arm64
1082 silly reify mark deleted [
1082 silly reify   'C:\\Users\\kanal\\OneDrive\\Рабочий стол\\Quokka\\frontend\\node_modules\\@swc\\core-darwin-arm64'
1082 silly reify ]
1083 http cache @types/estree@https://registry.npmjs.org/@types/estree/-/estree-1.0.8.tgz 1ms (cache hit)
1084 http cache @esbuild/win32-x64@https://registry.npmjs.org/@esbuild/win32-x64/-/win32-x64-0.21.5.tgz 0ms (cache hit)
1085 http cache @rollup/rollup-win32-x64-msvc@https://registry.npmjs.org/@rollup/rollup-win32-x64-msvc/-/rollup-win32-x64-msvc-4.60.1.tgz 0ms (cache hit)
1086 http cache rollup@https://registry.npmjs.org/rollup/-/rollup-4.60.1.tgz 0ms (cache hit)
1087 http cache @rollup/rollup-win32-x64-gnu@https://registry.npmjs.org/@rollup/rollup-win32-x64-gnu/-/rollup-win32-x64-gnu-4.60.1.tgz 0ms (cache hit)
1088 http cache esbuild@https://registry.npmjs.org/esbuild/-/esbuild-0.21.5.tgz 0ms (cache hit)
1089 http cache escalade@https://registry.npmjs.org/escalade/-/escalade-3.2.0.tgz 0ms (cache hit)
1090 http cache is-number@https://registry.npmjs.org/is-number/-/is-number-7.0.0.tgz 0ms (cache hit)
1091 http cache @jridgewell/trace-mapping@https://registry.npmjs.org/@jridgewell/trace-mapping/-/trace-mapping-0.3.31.tgz 0ms (cache hit)
1092 http cache @jridgewell/resolve-uri@https://registry.npmjs.org/@jridgewell/resolve-uri/-/resolve-uri-3.1.2.tgz 0ms (cache hit)
1093 http cache object-assign@https://registry.npmjs.org/object-assign/-/object-assign-4.1.1.tgz 1ms (cache hit)
1094 http cache thenify@https://registry.npmjs.org/thenify/-/thenify-3.3.1.tgz 0ms (cache hit)
1095 http cache any-promise@https://registry.npmjs.org/any-promise/-/any-promise-1.3.0.tgz 0ms (cache hit)
1096 http cache thenify-all@https://registry.npmjs.org/thenify-all/-/thenify-all-1.6.0.tgz 0ms (cache hit)
1097 http cache @jridgewell/sourcemap-codec@https://registry.npmjs.org/@jridgewell/sourcemap-codec/-/sourcemap-codec-1.5.5.tgz 0ms (cache hit)
1098 http cache ts-interface-checker@https://registry.npmjs.org/ts-interface-checker/-/ts-interface-checker-0.1.13.tgz 0ms (cache hit)
1099 http cache tinyglobby@https://registry.npmjs.org/tinyglobby/-/tinyglobby-0.2.16.tgz 0ms (cache hit)
1100 http cache pirates@https://registry.npmjs.org/pirates/-/pirates-4.0.7.tgz 0ms (cache hit)
1101 http cache @jridgewell/gen-mapping@https://registry.npmjs.org/@jridgewell/gen-mapping/-/gen-mapping-0.3.13.tgz 0ms (cache hit)
1102 http cache mz@https://registry.npmjs.org/mz/-/mz-2.7.0.tgz 0ms (cache hit)
1103 http cache lines-and-columns@https://registry.npmjs.org/lines-and-columns/-/lines-and-columns-1.2.4.tgz 0ms (cache hit)
1104 http cache queue-microtask@https://registry.npmjs.org/queue-microtask/-/queue-microtask-1.2.3.tgz 0ms (cache hit)
1105 http cache commander@https://registry.npmjs.org/commander/-/commander-4.1.1.tgz 0ms (cache hit)
1106 http cache hasown@https://registry.npmjs.org/hasown/-/hasown-2.0.2.tgz 0ms (cache hit)
1107 http cache function-bind@https://registry.npmjs.org/function-bind/-/function-bind-1.1.2.tgz 0ms (cache hit)
1108 http cache supports-preserve-symlinks-flag@https://registry.npmjs.org/supports-preserve-symlinks-flag/-/supports-preserve-symlinks-flag-1.0.0.tgz 0ms (cache hit)
1109 http cache pify@https://registry.npmjs.org/pify/-/pify-2.3.0.tgz 0ms (cache hit)
1110 http cache es-errors@https://registry.npmjs.org/es-errors/-/es-errors-1.3.0.tgz 0ms (cache hit)
1111 http cache path-parse@https://registry.npmjs.org/path-parse/-/path-parse-1.0.7.tgz 0ms (cache hit)
1112 http cache util-deprecate@https://registry.npmjs.org/util-deprecate/-/util-deprecate-1.0.2.tgz 0ms (cache hit)
1113 http cache cssesc@https://registry.npmjs.org/cssesc/-/cssesc-3.0.0.tgz 0ms (cache hit)
1114 http cache is-core-module@https://registry.npmjs.org/is-core-module/-/is-core-module-2.16.1.tgz 0ms (cache hit)
1115 http cache camelcase-css@https://registry.npmjs.org/camelcase-css/-/camelcase-css-2.0.1.tgz 0ms (cache hit)
1116 http cache read-cache@https://registry.npmjs.org/read-cache/-/read-cache-1.0.0.tgz 0ms (cache hit)
1117 http cache is-extglob@https://registry.npmjs.org/is-extglob/-/is-extglob-2.1.1.tgz 0ms (cache hit)
1118 http cache binary-extensions@https://registry.npmjs.org/binary-extensions/-/binary-extensions-2.3.0.tgz 0ms (cache hit)
1119 http cache run-parallel@https://registry.npmjs.org/run-parallel/-/run-parallel-1.2.0.tgz 0ms (cache hit)
1120 http cache to-regex-range@https://registry.npmjs.org/to-regex-range/-/to-regex-range-5.0.1.tgz 0ms (cache hit)
1121 http cache reusify@https://registry.npmjs.org/reusify/-/reusify-1.1.0.tgz 0ms (cache hit)
1122 http cache fastq@https://registry.npmjs.org/fastq/-/fastq-1.20.1.tgz 0ms (cache hit)
1123 http cache merge2@https://registry.npmjs.org/merge2/-/merge2-1.4.1.tgz 0ms (cache hit)
1124 http cache @nodelib/fs.walk@https://registry.npmjs.org/@nodelib/fs.walk/-/fs.walk-1.2.8.tgz 0ms (cache hit)
1125 http cache @nodelib/fs.scandir@https://registry.npmjs.org/@nodelib/fs.scandir/-/fs.scandir-2.1.5.tgz 0ms (cache hit)
1126 http cache fill-range@https://registry.npmjs.org/fill-range/-/fill-range-7.1.1.tgz 0ms (cache hit)
1127 http cache @nodelib/fs.stat@https://registry.npmjs.org/@nodelib/fs.stat/-/fs.stat-2.0.5.tgz 1ms (cache hit)
1128 http cache picomatch@https://registry.npmjs.org/picomatch/-/picomatch-2.3.2.tgz 0ms (cache hit)
1129 http cache readdirp@https://registry.npmjs.org/readdirp/-/readdirp-3.6.0.tgz 0ms (cache hit)
1130 http cache is-binary-path@https://registry.npmjs.org/is-binary-path/-/is-binary-path-2.1.0.tgz 0ms (cache hit)
1131 http cache braces@https://registry.npmjs.org/braces/-/braces-3.0.3.tgz 0ms (cache hit)
1132 http cache resolve@https://registry.npmjs.org/resolve/-/resolve-1.22.12.tgz 0ms (cache hit)
1133 http cache anymatch@https://registry.npmjs.org/anymatch/-/anymatch-3.1.3.tgz 0ms (cache hit)
1134 http cache sucrase@https://registry.npmjs.org/sucrase/-/sucrase-3.35.1.tgz 0ms (cache hit)
1135 http cache postcss-selector-parser@https://registry.npmjs.org/postcss-selector-parser/-/postcss-selector-parser-6.1.2.tgz 0ms (cache hit)
1136 http cache postcss-load-config@https://registry.npmjs.org/postcss-load-config/-/postcss-load-config-6.0.1.tgz 0ms (cache hit)
1137 http cache postcss-js@https://registry.npmjs.org/postcss-js/-/postcss-js-4.1.0.tgz 0ms (cache hit)
1138 http cache postcss-nested@https://registry.npmjs.org/postcss-nested/-/postcss-nested-6.2.0.tgz 0ms (cache hit)
1139 http cache postcss-import@https://registry.npmjs.org/postcss-import/-/postcss-import-15.1.0.tgz 0ms (cache hit)
1140 http cache object-hash@https://registry.npmjs.org/object-hash/-/object-hash-3.0.0.tgz 0ms (cache hit)
1141 http cache normalize-path@https://registry.npmjs.org/normalize-path/-/normalize-path-3.0.0.tgz 0ms (cache hit)
1142 http cache micromatch@https://registry.npmjs.org/micromatch/-/micromatch-4.0.8.tgz 0ms (cache hit)
1143 http cache lilconfig@https://registry.npmjs.org/lilconfig/-/lilconfig-3.1.3.tgz 0ms (cache hit)
1144 http cache jiti@https://registry.npmjs.org/jiti/-/jiti-1.21.7.tgz 0ms (cache hit)
1145 http cache glob-parent@https://registry.npmjs.org/glob-parent/-/glob-parent-6.0.2.tgz 0ms (cache hit)
1146 http cache is-glob@https://registry.npmjs.org/is-glob/-/is-glob-4.0.3.tgz 0ms (cache hit)
1147 http cache fast-glob@https://registry.npmjs.org/fast-glob/-/fast-glob-3.3.3.tgz 0ms (cache hit)
1148 http cache dlv@https://registry.npmjs.org/dlv/-/dlv-1.1.3.tgz 0ms (cache hit)
1149 http cache didyoumean@https://registry.npmjs.org/didyoumean/-/didyoumean-1.2.2.tgz 0ms (cache hit)
1150 http cache chokidar@https://registry.npmjs.org/chokidar/-/chokidar-3.6.0.tgz 0ms (cache hit)
1151 http cache @alloc/quick-lru@https://registry.npmjs.org/@alloc/quick-lru/-/quick-lru-5.2.0.tgz 0ms (cache hit)
1152 http cache js-tokens@https://registry.npmjs.org/js-tokens/-/js-tokens-4.0.0.tgz 0ms (cache hit)
1153 http cache scheduler@https://registry.npmjs.org/scheduler/-/scheduler-0.23.2.tgz 0ms (cache hit)
1154 http cache arg@https://registry.npmjs.org/arg/-/arg-5.0.2.tgz 0ms (cache hit)
1155 http cache loose-envify@https://registry.npmjs.org/loose-envify/-/loose-envify-1.4.0.tgz 0ms (cache hit)
1156 http cache source-map-js@https://registry.npmjs.org/source-map-js/-/source-map-js-1.2.1.tgz 0ms (cache hit)
1157 http cache tslib@https://registry.npmjs.org/tslib/-/tslib-2.8.1.tgz 0ms (cache hit)
1158 http cache motion-utils@https://registry.npmjs.org/motion-utils/-/motion-utils-11.18.1.tgz 0ms (cache hit)
1159 http cache motion-dom@https://registry.npmjs.org/motion-dom/-/motion-dom-11.18.1.tgz 0ms (cache hit)
1160 http cache nanoid@https://registry.npmjs.org/nanoid/-/nanoid-3.3.11.tgz 0ms (cache hit)
1161 http cache electron-to-chromium@https://registry.npmjs.org/electron-to-chromium/-/electron-to-chromium-1.5.340.tgz 0ms (cache hit)
1162 http cache update-browserslist-db@https://registry.npmjs.org/update-browserslist-db/-/update-browserslist-db-1.2.3.tgz 0ms (cache hit)
1163 http cache node-releases@https://registry.npmjs.org/node-releases/-/node-releases-2.0.37.tgz 0ms (cache hit)
1164 http cache baseline-browser-mapping@https://registry.npmjs.org/baseline-browser-mapping/-/baseline-browser-mapping-2.10.19.tgz 0ms (cache hit)
1165 http cache postcss-value-parser@https://registry.npmjs.org/postcss-value-parser/-/postcss-value-parser-4.2.0.tgz 0ms (cache hit)
1166 http cache picocolors@https://registry.npmjs.org/picocolors/-/picocolors-1.1.1.tgz 1ms (cache hit)
1167 http cache fraction.js@https://registry.npmjs.org/fraction.js/-/fraction.js-5.3.4.tgz 0ms (cache hit)
1168 http cache @swc/types@https://registry.npmjs.org/@swc/types/-/types-0.1.26.tgz 0ms (cache hit)
1169 http cache browserslist@https://registry.npmjs.org/browserslist/-/browserslist-4.28.2.tgz 0ms (cache hit)
1170 http cache caniuse-lite@https://registry.npmjs.org/caniuse-lite/-/caniuse-lite-1.0.30001788.tgz 0ms (cache hit)
1171 http cache @rolldown/pluginutils@https://registry.npmjs.org/@rolldown/pluginutils/-/pluginutils-1.0.0-beta.27.tgz 0ms (cache hit)
1172 http cache @swc/counter@https://registry.npmjs.org/@swc/counter/-/counter-0.1.3.tgz 0ms (cache hit)
1173 http cache @swc/core-win32-x64-msvc@https://registry.npmjs.org/@swc/core-win32-x64-msvc/-/core-win32-x64-msvc-1.15.26.tgz 0ms (cache hit)
1174 http cache @types/prop-types@https://registry.npmjs.org/@types/prop-types/-/prop-types-15.7.15.tgz 0ms (cache hit)
1175 http cache @swc/core@https://registry.npmjs.org/@swc/core/-/core-1.15.26.tgz 0ms (cache hit)
1176 http cache csstype@https://registry.npmjs.org/csstype/-/csstype-3.2.3.tgz 0ms (cache hit)
1177 http cache tailwindcss@https://registry.npmjs.org/tailwindcss/-/tailwindcss-3.4.19.tgz 0ms (cache hit)
1178 http cache typescript@https://registry.npmjs.org/typescript/-/typescript-5.9.3.tgz 0ms (cache hit)
1179 http cache tailwind-merge@https://registry.npmjs.org/tailwind-merge/-/tailwind-merge-2.6.1.tgz 0ms (cache hit)
1180 http cache react-dom@https://registry.npmjs.org/react-dom/-/react-dom-18.3.1.tgz 0ms (cache hit)
1181 http cache react@https://registry.npmjs.org/react/-/react-18.3.1.tgz 0ms (cache hit)
1182 http cache lucide-react@https://registry.npmjs.org/lucide-react/-/lucide-react-0.468.0.tgz 0ms (cache hit)
1183 http cache class-variance-authority@https://registry.npmjs.org/class-variance-authority/-/class-variance-authority-0.7.1.tgz 0ms (cache hit)
1184 http cache framer-motion@https://registry.npmjs.org/framer-motion/-/framer-motion-11.18.2.tgz 0ms (cache hit)
1185 http cache @vitejs/plugin-react-swc@https://registry.npmjs.org/@vitejs/plugin-react-swc/-/plugin-react-swc-3.11.0.tgz 0ms (cache hit)
1186 http cache postcss@https://registry.npmjs.org/postcss/-/postcss-8.5.10.tgz 0ms (cache hit)
1187 http cache clsx@https://registry.npmjs.org/clsx/-/clsx-2.1.1.tgz 0ms (cache hit)
1188 http cache autoprefixer@https://registry.npmjs.org/autoprefixer/-/autoprefixer-10.5.0.tgz 0ms (cache hit)
1189 http cache @types/react-dom@https://registry.npmjs.org/@types/react-dom/-/react-dom-18.3.7.tgz 0ms (cache hit)
1190 http cache picomatch@https://registry.npmjs.org/picomatch/-/picomatch-4.0.4.tgz 0ms (cache hit)
1191 http cache vite@https://registry.npmjs.org/vite/-/vite-5.4.21.tgz 0ms (cache hit)
1192 http cache @types/react@https://registry.npmjs.org/@types/react/-/react-18.3.28.tgz 0ms (cache hit)
1193 silly tarball no local data for @types/estree@https://registry.npmjs.org/@types/estree/-/estree-1.0.8.tgz. Extracting by manifest.
1194 http cache glob-parent@https://registry.npmjs.org/glob-parent/-/glob-parent-5.1.2.tgz 0ms (cache hit)
1195 http cache fdir@https://registry.npmjs.org/fdir/-/fdir-6.5.0.tgz 0ms (cache hit)
1196 silly tarball no local data for @esbuild/win32-x64@https://registry.npmjs.org/@esbuild/win32-x64/-/win32-x64-0.21.5.tgz. Extracting by manifest.
1197 silly tarball no local data for @rollup/rollup-win32-x64-msvc@https://registry.npmjs.org/@rollup/rollup-win32-x64-msvc/-/rollup-win32-x64-msvc-4.60.1.tgz. Extracting by manifest.
1198 silly tarball no local data for rollup@https://registry.npmjs.org/rollup/-/rollup-4.60.1.tgz. Extracting by manifest.
1199 silly tarball no local data for @rollup/rollup-win32-x64-gnu@https://registry.npmjs.org/@rollup/rollup-win32-x64-gnu/-/rollup-win32-x64-gnu-4.60.1.tgz. Extracting by manifest.
1200 http cache glob-parent@https://registry.npmjs.org/glob-parent/-/glob-parent-5.1.2.tgz 0ms (cache hit)
1201 silly tarball no local data for esbuild@https://registry.npmjs.org/esbuild/-/esbuild-0.21.5.tgz. Extracting by manifest.
1202 silly tarball no local data for escalade@https://registry.npmjs.org/escalade/-/escalade-3.2.0.tgz. Extracting by manifest.
1203 silly tarball no local data for is-number@https://registry.npmjs.org/is-number/-/is-number-7.0.0.tgz. Extracting by manifest.
1204 silly tarball no local data for @jridgewell/trace-mapping@https://registry.npmjs.org/@jridgewell/trace-mapping/-/trace-mapping-0.3.31.tgz. Extracting by manifest.
1205 silly tarball no local data for @jridgewell/resolve-uri@https://registry.npmjs.org/@jridgewell/resolve-uri/-/resolve-uri-3.1.2.tgz. Extracting by manifest.
1206 silly tarball no local data for object-assign@https://registry.npmjs.org/object-assign/-/object-assign-4.1.1.tgz. Extracting by manifest.
1207 silly tarball no local data for thenify@https://registry.npmjs.org/thenify/-/thenify-3.3.1.tgz. Extracting by manifest.
1208 silly tarball no local data for any-promise@https://registry.npmjs.org/any-promise/-/any-promise-1.3.0.tgz. Extracting by manifest.
1209 silly tarball no local data for thenify-all@https://registry.npmjs.org/thenify-all/-/thenify-all-1.6.0.tgz. Extracting by manifest.
1210 silly tarball no local data for @jridgewell/sourcemap-codec@https://registry.npmjs.org/@jridgewell/sourcemap-codec/-/sourcemap-codec-1.5.5.tgz. Extracting by manifest.
1211 silly tarball no local data for ts-interface-checker@https://registry.npmjs.org/ts-interface-checker/-/ts-interface-checker-0.1.13.tgz. Extracting by manifest.
1212 silly tarball no local data for tinyglobby@https://registry.npmjs.org/tinyglobby/-/tinyglobby-0.2.16.tgz. Extracting by manifest.
1213 silly tarball no local data for pirates@https://registry.npmjs.org/pirates/-/pirates-4.0.7.tgz. Extracting by manifest.
1214 silly tarball no local data for @jridgewell/gen-mapping@https://registry.npmjs.org/@jridgewell/gen-mapping/-/gen-mapping-0.3.13.tgz. Extracting by manifest.
1215 silly tarball no local data for mz@https://registry.npmjs.org/mz/-/mz-2.7.0.tgz. Extracting by manifest.
1216 silly tarball no local data for lines-and-columns@https://registry.npmjs.org/lines-and-columns/-/lines-and-columns-1.2.4.tgz. Extracting by manifest.
1217 silly tarball no local data for queue-microtask@https://registry.npmjs.org/queue-microtask/-/queue-microtask-1.2.3.tgz. Extracting by manifest.
1218 silly tarball no local data for commander@https://registry.npmjs.org/commander/-/commander-4.1.1.tgz. Extracting by manifest.
1219 silly tarball no local data for hasown@https://registry.npmjs.org/hasown/-/hasown-2.0.2.tgz. Extracting by manifest.
1220 silly tarball no local data for function-bind@https://registry.npmjs.org/function-bind/-/function-bind-1.1.2.tgz. Extracting by manifest.
1221 silly tarball no local data for supports-preserve-symlinks-flag@https://registry.npmjs.org/supports-preserve-symlinks-flag/-/supports-preserve-symlinks-flag-1.0.0.tgz. Extracting by manifest.
1222 silly tarball no local data for pify@https://registry.npmjs.org/pify/-/pify-2.3.0.tgz. Extracting by manifest.
1223 silly tarball no local data for es-errors@https://registry.npmjs.org/es-errors/-/es-errors-1.3.0.tgz. Extracting by manifest.
1224 silly tarball no local data for path-parse@https://registry.npmjs.org/path-parse/-/path-parse-1.0.7.tgz. Extracting by manifest.
1225 silly tarball no local data for util-deprecate@https://registry.npmjs.org/util-deprecate/-/util-deprecate-1.0.2.tgz. Extracting by manifest.
1226 silly tarball no local data for cssesc@https://registry.npmjs.org/cssesc/-/cssesc-3.0.0.tgz. Extracting by manifest.
1227 silly tarball no local data for is-core-module@https://registry.npmjs.org/is-core-module/-/is-core-module-2.16.1.tgz. Extracting by manifest.
1228 silly tarball no local data for camelcase-css@https://registry.npmjs.org/camelcase-css/-/camelcase-css-2.0.1.tgz. Extracting by manifest.
1229 silly tarball no local data for read-cache@https://registry.npmjs.org/read-cache/-/read-cache-1.0.0.tgz. Extracting by manifest.
1230 silly tarball no local data for is-extglob@https://registry.npmjs.org/is-extglob/-/is-extglob-2.1.1.tgz. Extracting by manifest.
1231 silly tarball no local data for binary-extensions@https://registry.npmjs.org/binary-extensions/-/binary-extensions-2.3.0.tgz. Extracting by manifest.
1232 silly tarball no local data for run-parallel@https://registry.npmjs.org/run-parallel/-/run-parallel-1.2.0.tgz. Extracting by manifest.
1233 silly tarball no local data for to-regex-range@https://registry.npmjs.org/to-regex-range/-/to-regex-range-5.0.1.tgz. Extracting by manifest.
1234 silly tarball no local data for reusify@https://registry.npmjs.org/reusify/-/reusify-1.1.0.tgz. Extracting by manifest.
1235 silly tarball no local data for fastq@https://registry.npmjs.org/fastq/-/fastq-1.20.1.tgz. Extracting by manifest.
1236 silly tarball no local data for merge2@https://registry.npmjs.org/merge2/-/merge2-1.4.1.tgz. Extracting by manifest.
1237 silly tarball no local data for @nodelib/fs.walk@https://registry.npmjs.org/@nodelib/fs.walk/-/fs.walk-1.2.8.tgz. Extracting by manifest.
1238 silly tarball no local data for @nodelib/fs.scandir@https://registry.npmjs.org/@nodelib/fs.scandir/-/fs.scandir-2.1.5.tgz. Extracting by manifest.
1239 silly tarball no local data for fill-range@https://registry.npmjs.org/fill-range/-/fill-range-7.1.1.tgz. Extracting by manifest.
1240 silly tarball no local data for @nodelib/fs.stat@https://registry.npmjs.org/@nodelib/fs.stat/-/fs.stat-2.0.5.tgz. Extracting by manifest.
1241 silly tarball no local data for picomatch@https://registry.npmjs.org/picomatch/-/picomatch-2.3.2.tgz. Extracting by manifest.
1242 silly tarball no local data for readdirp@https://registry.npmjs.org/readdirp/-/readdirp-3.6.0.tgz. Extracting by manifest.
1243 silly tarball no local data for is-binary-path@https://registry.npmjs.org/is-binary-path/-/is-binary-path-2.1.0.tgz. Extracting by manifest.
1244 silly tarball no local data for braces@https://registry.npmjs.org/braces/-/braces-3.0.3.tgz. Extracting by manifest.
1245 silly tarball no local data for resolve@https://registry.npmjs.org/resolve/-/resolve-1.22.12.tgz. Extracting by manifest.
1246 silly tarball no local data for anymatch@https://registry.npmjs.org/anymatch/-/anymatch-3.1.3.tgz. Extracting by manifest.
1247 silly tarball no local data for sucrase@https://registry.npmjs.org/sucrase/-/sucrase-3.35.1.tgz. Extracting by manifest.
1248 silly tarball no local data for postcss-selector-parser@https://registry.npmjs.org/postcss-selector-parser/-/postcss-selector-parser-6.1.2.tgz. Extracting by manifest.
1249 silly tarball no local data for postcss-load-config@https://registry.npmjs.org/postcss-load-config/-/postcss-load-config-6.0.1.tgz. Extracting by manifest.
1250 silly tarball no local data for postcss-js@https://registry.npmjs.org/postcss-js/-/postcss-js-4.1.0.tgz. Extracting by manifest.
1251 silly tarball no local data for postcss-nested@https://registry.npmjs.org/postcss-nested/-/postcss-nested-6.2.0.tgz. Extracting by manifest.
1252 silly tarball no local data for postcss-import@https://registry.npmjs.org/postcss-import/-/postcss-import-15.1.0.tgz. Extracting by manifest.
1253 silly tarball no local data for object-hash@https://registry.npmjs.org/object-hash/-/object-hash-3.0.0.tgz. Extracting by manifest.
1254 silly tarball no local data for normalize-path@https://registry.npmjs.org/normalize-path/-/normalize-path-3.0.0.tgz. Extracting by manifest.
1255 silly tarball no local data for micromatch@https://registry.npmjs.org/micromatch/-/micromatch-4.0.8.tgz. Extracting by manifest.
1256 silly tarball no local data for lilconfig@https://registry.npmjs.org/lilconfig/-/lilconfig-3.1.3.tgz. Extracting by manifest.
1257 silly tarball no local data for jiti@https://registry.npmjs.org/jiti/-/jiti-1.21.7.tgz. Extracting by manifest.
1258 silly tarball no local data for glob-parent@https://registry.npmjs.org/glob-parent/-/glob-parent-6.0.2.tgz. Extracting by manifest.
1259 silly tarball no local data for is-glob@https://registry.npmjs.org/is-glob/-/is-glob-4.0.3.tgz. Extracting by manifest.
1260 silly tarball no local data for fast-glob@https://registry.npmjs.org/fast-glob/-/fast-glob-3.3.3.tgz. Extracting by manifest.
1261 silly tarball no local data for dlv@https://registry.npmjs.org/dlv/-/dlv-1.1.3.tgz. Extracting by manifest.
1262 silly tarball no local data for didyoumean@https://registry.npmjs.org/didyoumean/-/didyoumean-1.2.2.tgz. Extracting by manifest.
1263 silly tarball no local data for chokidar@https://registry.npmjs.org/chokidar/-/chokidar-3.6.0.tgz. Extracting by manifest.
1264 silly tarball no local data for @alloc/quick-lru@https://registry.npmjs.org/@alloc/quick-lru/-/quick-lru-5.2.0.tgz. Extracting by manifest.
1265 silly tarball no local data for js-tokens@https://registry.npmjs.org/js-tokens/-/js-tokens-4.0.0.tgz. Extracting by manifest.
1266 silly tarball no local data for scheduler@https://registry.npmjs.org/scheduler/-/scheduler-0.23.2.tgz. Extracting by manifest.
1267 silly tarball no local data for arg@https://registry.npmjs.org/arg/-/arg-5.0.2.tgz. Extracting by manifest.
1268 silly tarball no local data for loose-envify@https://registry.npmjs.org/loose-envify/-/loose-envify-1.4.0.tgz. Extracting by manifest.
1269 silly tarball no local data for source-map-js@https://registry.npmjs.org/source-map-js/-/source-map-js-1.2.1.tgz. Extracting by manifest.
1270 silly tarball no local data for tslib@https://registry.npmjs.org/tslib/-/tslib-2.8.1.tgz. Extracting by manifest.
1271 silly tarball no local data for motion-utils@https://registry.npmjs.org/motion-utils/-/motion-utils-11.18.1.tgz. Extracting by manifest.
1272 silly tarball no local data for motion-dom@https://registry.npmjs.org/motion-dom/-/motion-dom-11.18.1.tgz. Extracting by manifest.
1273 silly tarball no local data for nanoid@https://registry.npmjs.org/nanoid/-/nanoid-3.3.11.tgz. Extracting by manifest.
1274 silly tarball no local data for electron-to-chromium@https://registry.npmjs.org/electron-to-chromium/-/electron-to-chromium-1.5.340.tgz. Extracting by manifest.
1275 silly tarball no local data for update-browserslist-db@https://registry.npmjs.org/update-browserslist-db/-/update-browserslist-db-1.2.3.tgz. Extracting by manifest.
1276 silly tarball no local data for node-releases@https://registry.npmjs.org/node-releases/-/node-releases-2.0.37.tgz. Extracting by manifest.
1277 silly tarball no local data for baseline-browser-mapping@https://registry.npmjs.org/baseline-browser-mapping/-/baseline-browser-mapping-2.10.19.tgz. Extracting by manifest.
1278 silly tarball no local data for postcss-value-parser@https://registry.npmjs.org/postcss-value-parser/-/postcss-value-parser-4.2.0.tgz. Extracting by manifest.
1279 silly tarball no local data for picocolors@https://registry.npmjs.org/picocolors/-/picocolors-1.1.1.tgz. Extracting by manifest.
1280 silly tarball no local data for fraction.js@https://registry.npmjs.org/fraction.js/-/fraction.js-5.3.4.tgz. Extracting by manifest.
1281 silly tarball no local data for @swc/types@https://registry.npmjs.org/@swc/types/-/types-0.1.26.tgz. Extracting by manifest.
1282 silly tarball no local data for browserslist@https://registry.npmjs.org/browserslist/-/browserslist-4.28.2.tgz. Extracting by manifest.
1283 silly tarball no local data for caniuse-lite@https://registry.npmjs.org/caniuse-lite/-/caniuse-lite-1.0.30001788.tgz. Extracting by manifest.
1284 silly tarball no local data for @rolldown/pluginutils@https://registry.npmjs.org/@rolldown/pluginutils/-/pluginutils-1.0.0-beta.27.tgz. Extracting by manifest.
1285 silly tarball no local data for @swc/counter@https://registry.npmjs.org/@swc/counter/-/counter-0.1.3.tgz. Extracting by manifest.
1286 silly tarball no local data for @swc/core-win32-x64-msvc@https://registry.npmjs.org/@swc/core-win32-x64-msvc/-/core-win32-x64-msvc-1.15.26.tgz. Extracting by manifest.
1287 silly tarball no local data for @types/prop-types@https://registry.npmjs.org/@types/prop-types/-/prop-types-15.7.15.tgz. Extracting by manifest.
1288 silly tarball no local data for @swc/core@https://registry.npmjs.org/@swc/core/-/core-1.15.26.tgz. Extracting by manifest.
1289 silly tarball no local data for csstype@https://registry.npmjs.org/csstype/-/csstype-3.2.3.tgz. Extracting by manifest.
1290 silly tarball no local data for tailwindcss@https://registry.npmjs.org/tailwindcss/-/tailwindcss-3.4.19.tgz. Extracting by manifest.
1291 silly tarball no local data for typescript@https://registry.npmjs.org/typescript/-/typescript-5.9.3.tgz. Extracting by manifest.
1292 silly tarball no local data for tailwind-merge@https://registry.npmjs.org/tailwind-merge/-/tailwind-merge-2.6.1.tgz. Extracting by manifest.
1293 silly tarball no local data for react-dom@https://registry.npmjs.org/react-dom/-/react-dom-18.3.1.tgz. Extracting by manifest.
1294 silly tarball no local data for react@https://registry.npmjs.org/react/-/react-18.3.1.tgz. Extracting by manifest.
1295 silly tarball no local data for lucide-react@https://registry.npmjs.org/lucide-react/-/lucide-react-0.468.0.tgz. Extracting by manifest.
1296 silly tarball no local data for class-variance-authority@https://registry.npmjs.org/class-variance-authority/-/class-variance-authority-0.7.1.tgz. Extracting by manifest.
1297 silly tarball no local data for framer-motion@https://registry.npmjs.org/framer-motion/-/framer-motion-11.18.2.tgz. Extracting by manifest.
1298 silly tarball no local data for @vitejs/plugin-react-swc@https://registry.npmjs.org/@vitejs/plugin-react-swc/-/plugin-react-swc-3.11.0.tgz. Extracting by manifest.
1299 silly tarball no local data for postcss@https://registry.npmjs.org/postcss/-/postcss-8.5.10.tgz. Extracting by manifest.
1300 silly tarball no local data for clsx@https://registry.npmjs.org/clsx/-/clsx-2.1.1.tgz. Extracting by manifest.
1301 silly tarball no local data for autoprefixer@https://registry.npmjs.org/autoprefixer/-/autoprefixer-10.5.0.tgz. Extracting by manifest.
1302 silly tarball no local data for @types/react-dom@https://registry.npmjs.org/@types/react-dom/-/react-dom-18.3.7.tgz. Extracting by manifest.
1303 silly tarball no local data for picomatch@https://registry.npmjs.org/picomatch/-/picomatch-4.0.4.tgz. Extracting by manifest.
1304 silly tarball no local data for vite@https://registry.npmjs.org/vite/-/vite-5.4.21.tgz. Extracting by manifest.
1305 silly tarball no local data for @types/react@https://registry.npmjs.org/@types/react/-/react-18.3.28.tgz. Extracting by manifest.
1306 silly tarball no local data for glob-parent@https://registry.npmjs.org/glob-parent/-/glob-parent-5.1.2.tgz. Extracting by manifest.
1307 silly tarball no local data for fdir@https://registry.npmjs.org/fdir/-/fdir-6.5.0.tgz. Extracting by manifest.
1308 silly tarball no local data for glob-parent@https://registry.npmjs.org/glob-parent/-/glob-parent-5.1.2.tgz. Extracting by manifest.
1309 http fetch GET 200 https://registry.npmjs.org/object-assign/-/object-assign-4.1.1.tgz 100ms (cache miss)
1310 http fetch GET 200 https://registry.npmjs.org/thenify-all/-/thenify-all-1.6.0.tgz 100ms (cache miss)
1311 http fetch GET 200 https://registry.npmjs.org/thenify/-/thenify-3.3.1.tgz 101ms (cache miss)
1312 http fetch GET 200 https://registry.npmjs.org/escalade/-/escalade-3.2.0.tgz 103ms (cache miss)
1313 http fetch GET 200 https://registry.npmjs.org/any-promise/-/any-promise-1.3.0.tgz 101ms (cache miss)
1314 http fetch GET 200 https://registry.npmjs.org/is-number/-/is-number-7.0.0.tgz 104ms (cache miss)
1315 http fetch GET 200 https://registry.npmjs.org/@types/estree/-/estree-1.0.8.tgz 107ms (cache miss)
1316 http fetch GET 200 https://registry.npmjs.org/esbuild/-/esbuild-0.21.5.tgz 114ms (cache miss)
1317 http fetch GET 200 https://registry.npmjs.org/pirates/-/pirates-4.0.7.tgz 133ms (cache miss)
1318 http fetch GET 200 https://registry.npmjs.org/tinyglobby/-/tinyglobby-0.2.16.tgz 138ms (cache miss)
1319 http fetch GET 200 https://registry.npmjs.org/queue-microtask/-/queue-microtask-1.2.3.tgz 142ms (cache miss)
1320 http fetch GET 200 https://registry.npmjs.org/lines-and-columns/-/lines-and-columns-1.2.4.tgz 148ms (cache miss)
1321 http fetch GET 200 https://registry.npmjs.org/function-bind/-/function-bind-1.1.2.tgz 172ms (cache miss)
1322 http fetch GET 200 https://registry.npmjs.org/commander/-/commander-4.1.1.tgz 176ms (cache miss)
1323 http fetch GET 200 https://registry.npmjs.org/es-errors/-/es-errors-1.3.0.tgz 179ms (cache miss)
1324 http fetch GET 200 https://registry.npmjs.org/mz/-/mz-2.7.0.tgz 186ms (cache miss)
1325 http fetch GET 200 https://registry.npmjs.org/path-parse/-/path-parse-1.0.7.tgz 186ms (cache miss)
1326 http fetch GET 200 https://registry.npmjs.org/cssesc/-/cssesc-3.0.0.tgz 185ms (cache miss)
1327 http fetch GET 200 https://registry.npmjs.org/supports-preserve-symlinks-flag/-/supports-preserve-symlinks-flag-1.0.0.tgz 188ms (cache miss)
1328 http fetch GET 200 https://registry.npmjs.org/camelcase-css/-/camelcase-css-2.0.1.tgz 187ms (cache miss)
1329 http fetch GET 200 https://registry.npmjs.org/ts-interface-checker/-/ts-interface-checker-0.1.13.tgz 191ms (cache miss)
1330 http fetch GET 200 https://registry.npmjs.org/util-deprecate/-/util-deprecate-1.0.2.tgz 188ms (cache miss)
1331 http fetch GET 200 https://registry.npmjs.org/pify/-/pify-2.3.0.tgz 189ms (cache miss)
1332 http fetch GET 200 https://registry.npmjs.org/hasown/-/hasown-2.0.2.tgz 200ms (cache miss)
1333 http fetch POST 200 https://registry.npmjs.org/-/npm/v1/security/advisories/bulk 262ms
1334 silly audit report {
1334 silly audit report   vite: [
1334 silly audit report     {
1334 silly audit report       id: 1116229,
1334 silly audit report       url: 'https://github.com/advisories/GHSA-4w7w-66w2-5vf9',
1334 silly audit report       title: 'Vite Vulnerable to Path Traversal in Optimized Deps `.map` Handling',
1334 silly audit report       severity: 'moderate',
1334 silly audit report       vulnerable_versions: '<=6.4.1',
1334 silly audit report       cwe: [Array],
1334 silly audit report       cvss: [Object]
1334 silly audit report     }
1334 silly audit report   ],
1334 silly audit report   esbuild: [
1334 silly audit report     {
1334 silly audit report       id: 1102341,
1334 silly audit report       url: 'https://github.com/advisories/GHSA-67mh-4wv8-2f99',
1334 silly audit report       title: 'esbuild enables any website to send any requests to the development server and read the response',
1334 silly audit report       severity: 'moderate',
1334 silly audit report       vulnerable_versions: '<=0.24.2',
1334 silly audit report       cwe: [Array],
1334 silly audit report       cvss: [Object]
1334 silly audit report     }
1334 silly audit report   ]
1334 silly audit report }
1335 silly packumentCache corgi:https://registry.npmjs.org/vite cache-miss
1336 silly packumentCache corgi:https://registry.npmjs.org/esbuild cache-miss
1337 http fetch GET 200 https://registry.npmjs.org/is-extglob/-/is-extglob-2.1.1.tgz 210ms (cache miss)
1338 http fetch GET 200 https://registry.npmjs.org/read-cache/-/read-cache-1.0.0.tgz 217ms (cache miss)
1339 http fetch GET 200 https://registry.npmjs.org/to-regex-range/-/to-regex-range-5.0.1.tgz 223ms (cache miss)
1340 http fetch GET 200 https://registry.npmjs.org/fastq/-/fastq-1.20.1.tgz 225ms (cache miss)
1341 http fetch GET 200 https://registry.npmjs.org/run-parallel/-/run-parallel-1.2.0.tgz 227ms (cache miss)
1342 http fetch GET 200 https://registry.npmjs.org/reusify/-/reusify-1.1.0.tgz 227ms (cache miss)
1343 http fetch GET 200 https://registry.npmjs.org/binary-extensions/-/binary-extensions-2.3.0.tgz 229ms (cache miss)
1344 http fetch GET 200 https://registry.npmjs.org/merge2/-/merge2-1.4.1.tgz 231ms (cache miss)
1345 http fetch GET 200 https://registry.npmjs.org/is-core-module/-/is-core-module-2.16.1.tgz 234ms (cache miss)
1346 http fetch GET 200 https://registry.npmjs.org/@nodelib/fs.scandir/-/fs.scandir-2.1.5.tgz 252ms (cache miss)
1347 http fetch GET 200 https://registry.npmjs.org/@nodelib/fs.walk/-/fs.walk-1.2.8.tgz 253ms (cache miss)
1348 http fetch GET 200 https://registry.npmjs.org/fill-range/-/fill-range-7.1.1.tgz 254ms (cache miss)
1349 http fetch GET 200 https://registry.npmjs.org/is-binary-path/-/is-binary-path-2.1.0.tgz 258ms (cache miss)
1350 http fetch GET 200 https://registry.npmjs.org/readdirp/-/readdirp-3.6.0.tgz 267ms (cache miss)
1351 http fetch GET 200 https://registry.npmjs.org/@nodelib/fs.stat/-/fs.stat-2.0.5.tgz 271ms (cache miss)
1352 http fetch GET 200 https://registry.npmjs.org/anymatch/-/anymatch-3.1.3.tgz 273ms (cache miss)
1353 http fetch GET 200 https://registry.npmjs.org/postcss-js/-/postcss-js-4.1.0.tgz 288ms (cache miss)
1354 http fetch GET 200 https://registry.npmjs.org/postcss-load-config/-/postcss-load-config-6.0.1.tgz 301ms (cache miss)
1355 http fetch GET 200 https://registry.npmjs.org/normalize-path/-/normalize-path-3.0.0.tgz 301ms (cache miss)
1356 http fetch GET 200 https://registry.npmjs.org/postcss-nested/-/postcss-nested-6.2.0.tgz 315ms (cache miss)
1357 http fetch GET 200 https://registry.npmjs.org/postcss-import/-/postcss-import-15.1.0.tgz 318ms (cache miss)
1358 http fetch GET 200 https://registry.npmjs.org/picomatch/-/picomatch-2.3.2.tgz 321ms (cache miss)
1359 http fetch GET 200 https://registry.npmjs.org/braces/-/braces-3.0.3.tgz 335ms (cache miss)
1360 http fetch GET 200 https://registry.npmjs.org/lilconfig/-/lilconfig-3.1.3.tgz 334ms (cache miss)
1361 http fetch GET 200 https://registry.npmjs.org/object-hash/-/object-hash-3.0.0.tgz 349ms (cache miss)
1362 http fetch GET 200 https://registry.npmjs.org/glob-parent/-/glob-parent-6.0.2.tgz 348ms (cache miss)
1363 http fetch GET 200 https://registry.npmjs.org/is-glob/-/is-glob-4.0.3.tgz 360ms (cache miss)
1364 http fetch GET 200 https://registry.npmjs.org/dlv/-/dlv-1.1.3.tgz 366ms (cache miss)
1365 http fetch GET 200 https://registry.npmjs.org/@jridgewell/sourcemap-codec/-/sourcemap-codec-1.5.5.tgz 385ms (cache miss)
1366 http fetch GET 200 https://registry.npmjs.org/micromatch/-/micromatch-4.0.8.tgz 375ms (cache miss)
1367 http fetch GET 200 https://registry.npmjs.org/js-tokens/-/js-tokens-4.0.0.tgz 398ms (cache miss)
1368 http fetch GET 200 https://registry.npmjs.org/arg/-/arg-5.0.2.tgz 407ms (cache miss)
1369 http fetch GET 200 https://registry.npmjs.org/didyoumean/-/didyoumean-1.2.2.tgz 412ms (cache miss)
1370 http fetch GET 200 https://registry.npmjs.org/loose-envify/-/loose-envify-1.4.0.tgz 414ms (cache miss)
1371 http fetch GET 200 https://registry.npmjs.org/motion-utils/-/motion-utils-11.18.1.tgz 419ms (cache miss)
1372 http fetch GET 200 https://registry.npmjs.org/@jridgewell/gen-mapping/-/gen-mapping-0.3.13.tgz 442ms (cache miss)
1373 http fetch GET 200 https://registry.npmjs.org/@alloc/quick-lru/-/quick-lru-5.2.0.tgz 436ms (cache miss)
1374 http fetch GET 200 https://registry.npmjs.org/nanoid/-/nanoid-3.3.11.tgz 434ms (cache miss)
1375 http fetch GET 200 https://registry.npmjs.org/node-releases/-/node-releases-2.0.37.tgz 447ms (cache miss)
1376 http fetch GET 200 https://registry.npmjs.org/picocolors/-/picocolors-1.1.1.tgz 448ms (cache miss)
1377 http fetch GET 200 https://registry.npmjs.org/chokidar/-/chokidar-3.6.0.tgz 488ms (cache miss)
1378 http fetch GET 200 https://registry.npmjs.org/@swc/counter/-/counter-0.1.3.tgz 484ms (cache miss)
1379 http fetch GET 200 https://registry.npmjs.org/update-browserslist-db/-/update-browserslist-db-1.2.3.tgz 495ms (cache miss)
1380 http fetch GET 200 https://registry.npmjs.org/@rolldown/pluginutils/-/pluginutils-1.0.0-beta.27.tgz 507ms (cache miss)
1381 http fetch GET 200 https://registry.npmjs.org/postcss-value-parser/-/postcss-value-parser-4.2.0.tgz 527ms (cache miss)
1382 http fetch GET 200 https://registry.npmjs.org/class-variance-authority/-/class-variance-authority-0.7.1.tgz 533ms (cache miss)
1383 http fetch GET 200 https://registry.npmjs.org/baseline-browser-mapping/-/baseline-browser-mapping-2.10.19.tgz 541ms (cache miss)
1384 http fetch GET 200 https://registry.npmjs.org/browserslist/-/browserslist-4.28.2.tgz 554ms (cache miss)
1385 http fetch GET 200 https://registry.npmjs.org/tslib/-/tslib-2.8.1.tgz 567ms (cache miss)
1386 http fetch GET 200 https://registry.npmjs.org/electron-to-chromium/-/electron-to-chromium-1.5.340.tgz 586ms (cache miss)
1387 http fetch GET 200 https://registry.npmjs.org/clsx/-/clsx-2.1.1.tgz 600ms (cache miss)
1388 http fetch GET 200 https://registry.npmjs.org/scheduler/-/scheduler-0.23.2.tgz 610ms (cache miss)
1389 http fetch GET 200 https://registry.npmjs.org/@types/react-dom/-/react-dom-18.3.7.tgz 617ms (cache miss)
1390 http fetch GET 200 https://registry.npmjs.org/source-map-js/-/source-map-js-1.2.1.tgz 643ms (cache miss)
1391 http fetch GET 200 https://registry.npmjs.org/glob-parent/-/glob-parent-5.1.2.tgz 644ms (cache miss)
1392 http fetch GET 200 https://registry.npmjs.org/fdir/-/fdir-6.5.0.tgz 657ms (cache miss)
1393 http fetch GET 200 https://registry.npmjs.org/glob-parent/-/glob-parent-5.1.2.tgz 665ms (cache miss)
1394 http fetch GET 200 https://registry.npmjs.org/@vitejs/plugin-react-swc/-/plugin-react-swc-3.11.0.tgz 674ms (cache miss)
1395 http fetch GET 200 https://registry.npmjs.org/@types/prop-types/-/prop-types-15.7.15.tgz 679ms (cache miss)
1396 http fetch GET 200 https://registry.npmjs.org/@jridgewell/resolve-uri/-/resolve-uri-3.1.2.tgz 732ms (cache miss)
1397 http fetch GET 200 https://registry.npmjs.org/fraction.js/-/fraction.js-5.3.4.tgz 717ms (cache miss)
1398 http fetch GET 200 https://registry.npmjs.org/@swc/types/-/types-0.1.26.tgz 718ms (cache miss)
1399 http fetch GET 200 https://registry.npmjs.org/picomatch/-/picomatch-4.0.4.tgz 718ms (cache miss)
1400 http fetch GET 200 https://registry.npmjs.org/csstype/-/csstype-3.2.3.tgz 746ms (cache miss)
1401 http fetch GET 200 https://registry.npmjs.org/postcss-selector-parser/-/postcss-selector-parser-6.1.2.tgz 768ms (cache miss)
1402 http fetch GET 200 https://registry.npmjs.org/react/-/react-18.3.1.tgz 769ms (cache miss)
1403 http fetch GET 200 https://registry.npmjs.org/@rollup/rollup-win32-x64-gnu/-/rollup-win32-x64-gnu-4.60.1.tgz 798ms (cache miss)
1404 http fetch GET 200 https://registry.npmjs.org/@swc/core/-/core-1.15.26.tgz 787ms (cache miss)
1405 http fetch GET 200 https://registry.npmjs.org/esbuild 620ms (cache miss)
1406 silly packumentCache corgi:https://registry.npmjs.org/esbuild set size:undefined disposed:false
1407 http fetch GET 200 https://registry.npmjs.org/rollup/-/rollup-4.60.1.tgz 844ms (cache miss)
1408 http fetch GET 200 https://registry.npmjs.org/jiti/-/jiti-1.21.7.tgz 847ms (cache miss)
1409 http fetch GET 200 https://registry.npmjs.org/@rollup/rollup-win32-x64-msvc/-/rollup-win32-x64-msvc-4.60.1.tgz 887ms (cache miss)
1410 http fetch GET 200 https://registry.npmjs.org/tailwind-merge/-/tailwind-merge-2.6.1.tgz 868ms (cache miss)
1411 http fetch GET 200 https://registry.npmjs.org/vite 723ms (cache miss)
1412 silly packumentCache corgi:https://registry.npmjs.org/vite set size:undefined disposed:false
1413 http fetch GET 200 https://registry.npmjs.org/fast-glob/-/fast-glob-3.3.3.tgz 948ms (cache miss)
1414 silly packumentCache corgi:https://registry.npmjs.org/@vitejs%2fplugin-react-swc cache-miss
1415 http fetch GET 200 https://registry.npmjs.org/@types/react/-/react-18.3.28.tgz 958ms (cache miss)
1416 http fetch GET 200 https://registry.npmjs.org/motion-dom/-/motion-dom-11.18.1.tgz 973ms (cache miss)
1417 http fetch GET 200 https://registry.npmjs.org/postcss/-/postcss-8.5.10.tgz 994ms (cache miss)
1418 http fetch GET 200 https://registry.npmjs.org/@jridgewell/trace-mapping/-/trace-mapping-0.3.31.tgz 1047ms (cache miss)
1419 http fetch GET 200 https://registry.npmjs.org/@vitejs%2fplugin-react-swc 81ms (cache miss)
1420 silly packumentCache corgi:https://registry.npmjs.org/@vitejs%2fplugin-react-swc set size:undefined disposed:false
1421 http fetch GET 200 https://registry.npmjs.org/autoprefixer/-/autoprefixer-10.5.0.tgz 1170ms (cache miss)
1422 http fetch GET 200 https://registry.npmjs.org/vite/-/vite-5.4.21.tgz 1174ms (cache miss)
1423 http fetch GET 200 https://registry.npmjs.org/react-dom/-/react-dom-18.3.1.tgz 1200ms (cache miss)
1424 http fetch GET 200 https://registry.npmjs.org/resolve/-/resolve-1.22.12.tgz 1221ms (cache miss)
1425 http fetch GET 200 https://registry.npmjs.org/@esbuild/win32-x64/-/win32-x64-0.21.5.tgz 1297ms (cache miss)
1426 http fetch GET 200 https://registry.npmjs.org/sucrase/-/sucrase-3.35.1.tgz 1436ms (cache miss)
1427 http fetch GET 200 https://registry.npmjs.org/@swc/core-win32-x64-msvc/-/core-win32-x64-msvc-1.15.26.tgz 1583ms (cache miss)
1428 http fetch GET 200 https://registry.npmjs.org/tailwindcss/-/tailwindcss-3.4.19.tgz 1615ms (cache miss)
1429 http fetch GET 200 https://registry.npmjs.org/typescript/-/typescript-5.9.3.tgz 1758ms (cache miss)
1430 http fetch GET 200 https://registry.npmjs.org/framer-motion/-/framer-motion-11.18.2.tgz 1770ms (cache miss)
1431 http fetch GET 200 https://registry.npmjs.org/caniuse-lite/-/caniuse-lite-1.0.30001788.tgz 2213ms (cache miss)
1432 http fetch GET 200 https://registry.npmjs.org/lucide-react/-/lucide-react-0.468.0.tgz 4763ms (cache miss)
1433 info run @swc/core@1.15.26 postinstall node_modules/@swc/core node postinstall.js
1434 info run esbuild@0.21.5 postinstall node_modules/esbuild node install.js
1435 info run @swc/core@1.15.26 postinstall { code: 0, signal: null }
1436 info run esbuild@0.21.5 postinstall { code: 0, signal: null }
1437 silly ADD node_modules/@types/estree
1438 silly ADD node_modules/@rollup/rollup-win32-x64-msvc
1439 silly ADD node_modules/@rollup/rollup-win32-x64-gnu
1440 silly ADD
1441 silly ADD
1442 silly ADD
1443 silly ADD
1444 silly ADD
1445 silly ADD
1446 silly ADD
1447 silly ADD
1448 silly ADD
1449 silly ADD
1450 silly ADD
1451 silly ADD
1452 silly ADD
1453 silly ADD
1454 silly ADD
1455 silly ADD
1456 silly ADD
1457 silly ADD
1458 silly ADD
1459 silly ADD
1460 silly ADD
1461 silly ADD
1462 silly ADD
1463 silly ADD node_modules/@esbuild/win32-x64
1464 silly ADD
1465 silly ADD
1466 silly ADD
1467 silly ADD
1468 silly ADD
1469 silly ADD
1470 silly ADD
1471 silly ADD
1472 silly ADD
1473 silly ADD
1474 silly ADD
1475 silly ADD
1476 silly ADD
1477 silly ADD
1478 silly ADD
1479 silly ADD
1480 silly ADD
1481 silly ADD
1482 silly ADD
1483 silly ADD
1484 silly ADD
1485 silly ADD
1486 silly ADD node_modules/rollup
1487 silly ADD node_modules/esbuild
1488 silly ADD node_modules/escalade
1489 silly ADD node_modules/is-number
1490 silly ADD node_modules/thenify
1491 silly ADD node_modules/thenify-all
1492 silly ADD node_modules/object-assign
1493 silly ADD node_modules/any-promise
1494 silly ADD node_modules/@jridgewell/resolve-uri
1495 silly ADD node_modules/@jridgewell/trace-mapping
1496 silly ADD node_modules/@jridgewell/sourcemap-codec
1497 silly ADD node_modules/ts-interface-checker
1498 silly ADD node_modules/tinyglobby
1499 silly ADD node_modules/tinyglobby/node_modules/picomatch
1500 silly ADD node_modules/tinyglobby/node_modules/fdir
1501 silly ADD node_modules/pirates
1502 silly ADD node_modules/mz
1503 silly ADD node_modules/lines-and-columns
1504 silly ADD node_modules/commander
1505 silly ADD node_modules/@jridgewell/gen-mapping
1506 silly ADD node_modules/queue-microtask
1507 silly ADD node_modules/function-bind
1508 silly ADD node_modules/hasown
1509 silly ADD node_modules/supports-preserve-symlinks-flag
1510 silly ADD node_modules/path-parse
1511 silly ADD node_modules/is-core-module
1512 silly ADD node_modules/es-errors
1513 silly ADD node_modules/pify
1514 silly ADD node_modules/util-deprecate
1515 silly ADD node_modules/cssesc
1516 silly ADD node_modules/camelcase-css
1517 silly ADD node_modules/read-cache
1518 silly ADD node_modules/is-extglob
1519 silly ADD node_modules/binary-extensions
1520 silly ADD node_modules/to-regex-range
1521 silly ADD node_modules/reusify
1522 silly ADD node_modules/run-parallel
1523 silly ADD node_modules/fastq
1524 silly ADD node_modules/@nodelib/fs.scandir
1525 silly ADD node_modules/merge2
1526 silly ADD node_modules/@nodelib/fs.walk
1527 silly ADD node_modules/@nodelib/fs.stat
1528 silly ADD node_modules/fill-range
1529 silly ADD node_modules/picomatch
1530 silly ADD node_modules/readdirp
1531 silly ADD node_modules/is-binary-path
1532 silly ADD
1533 silly ADD node_modules/braces
1534 silly ADD node_modules/anymatch
1535 silly ADD node_modules/sucrase
1536 silly ADD node_modules/resolve
1537 silly ADD node_modules/postcss-selector-parser
1538 silly ADD node_modules/postcss-nested
1539 silly ADD node_modules/postcss-load-config
1540 silly ADD node_modules/postcss-js
1541 silly ADD node_modules/postcss-import
1542 silly ADD node_modules/object-hash
1543 silly ADD node_modules/normalize-path
1544 silly ADD node_modules/micromatch
1545 silly ADD node_modules/lilconfig
1546 silly ADD node_modules/jiti
1547 silly ADD node_modules/is-glob
1548 silly ADD node_modules/glob-parent
1549 silly ADD node_modules/fast-glob
1550 silly ADD node_modules/fast-glob/node_modules/glob-parent
1551 silly ADD node_modules/dlv
1552 silly ADD node_modules/didyoumean
1553 silly ADD node_modules/chokidar
1554 silly ADD node_modules/chokidar/node_modules/glob-parent
1555 silly ADD node_modules/arg
1556 silly ADD node_modules/@alloc/quick-lru
1557 silly ADD node_modules/scheduler
1558 silly ADD node_modules/js-tokens
1559 silly ADD node_modules/loose-envify
1560 silly ADD node_modules/source-map-js
1561 silly ADD node_modules/nanoid
1562 silly ADD node_modules/tslib
1563 silly ADD node_modules/motion-utils
1564 silly ADD node_modules/motion-dom
1565 silly ADD node_modules/update-browserslist-db
1566 silly ADD node_modules/node-releases
1567 silly ADD node_modules/electron-to-chromium
1568 silly ADD node_modules/baseline-browser-mapping
1569 silly ADD node_modules/postcss-value-parser
1570 silly ADD node_modules/picocolors
1571 silly ADD node_modules/fraction.js
1572 silly ADD node_modules/caniuse-lite
1573 silly ADD node_modules/browserslist
1574 silly ADD node_modules/@swc/types
1575 silly ADD node_modules/@swc/counter
1576 silly ADD node_modules/@swc/core-win32-x64-msvc
1577 silly ADD
1578 silly ADD
1579 silly ADD
1580 silly ADD
1581 silly ADD
1582 silly ADD
1583 silly ADD
1584 silly ADD
1585 silly ADD
1586 silly ADD
1587 silly ADD
1588 silly ADD node_modules/@swc/core
1589 silly ADD node_modules/@rolldown/pluginutils
1590 silly ADD node_modules/csstype
1591 silly ADD node_modules/@types/prop-types
1592 silly ADD node_modules/typescript
1593 silly ADD node_modules/tailwindcss
1594 silly ADD node_modules/tailwind-merge
1595 silly ADD node_modules/react-dom
1596 silly ADD node_modules/react
1597 silly ADD node_modules/lucide-react
1598 silly ADD node_modules/framer-motion
1599 silly ADD node_modules/clsx
1600 silly ADD node_modules/class-variance-authority
1601 silly ADD node_modules/postcss
1602 silly ADD node_modules/autoprefixer
1603 silly ADD node_modules/vite
1604 silly ADD node_modules/@vitejs/plugin-react-swc
1605 silly ADD node_modules/@types/react-dom
1606 silly ADD node_modules/@types/react
1607 verbose cwd C:\Users\kanal\OneDrive\Рабочий стол\Quokka\frontend
1608 verbose os Windows_NT 10.0.26200
1609 verbose node v22.17.0
1610 verbose npm  v10.9.2
1611 notice
1611 notice New major version of npm available! 10.9.2 -> 11.12.1
1611 notice Changelog: https://github.com/npm/cli/releases/tag/v11.12.1
1611 notice To update run: npm install -g npm@11.12.1
1611 notice  { force: true, [Symbol(proc-log.meta)]: true }
1612 verbose exit 0
1613 info ok
